ano,distrito,concelho,energia_ativa_kwh,cpes,kwh_por_cpe,Preco_Final,annual_expenditure,concelho_limpo,income,energy_expenditure_ratio,energy_poverty
2022,Aveiro,Albergaria-a-Velha,50608190.0,14082,3593.8211901718505,0.22104739916945426,794.4048271675603,albergaria a velha,18642.380565112097,4.261284251723908,0
2022,Aveiro,Anadia,57570666.0,17134,3360.0248628458035,0.22104739916945426,742.7247570767671,anadia,18596.008358110998,3.9940009854470397,0
2022,Aveiro,Arouca,41872995.0,12546,3337.557388809182,0.22104739916945426,737.7583803750648,arouca,16156.268765693358,4.566390860875255,0
2022,Aveiro,Aveiro,179395482.734,50830,3529.322894629156,0.22104739916945426,780.1476466869848,aveiro,23380.03218542609,3.336811688280261,0
2022,Aveiro,Castelo de Paiva,26492718.0,7946,3334.094890510949,0.22104739916945426,736.9930041316117,castelo de paiva,14742.302374033174,4.999171672328048,0
2022,Aveiro,Espinho,62180220.6,18476,3365.4590062784155,0.22104739916945426,743.9259603492598,espinho,20261.440448127458,3.671634118284086,0
2022,Aveiro,Estarreja,49884519.0,14304,3487.4523909395975,0.22104739916945426,770.8922807444928,estarreja,18582.91609202576,4.148392410141138,0
2022,Aveiro,Mealhada,35622267.0,11422,3118.741638942392,0.22104739916945426,689.3897279696969,mealhada,19447.588333795542,3.54485973343899,0
2022,Aveiro,Murtosa,22175040.0,8526,2600.8726249120336,0.22104739916945426,574.9161293078366,murtosa,17619.412309462965,3.2629699516087887,0
2022,Aveiro,Oliveira de Azeméis,119666812.596,32962,3630.447563740064,0.22104739916945426,802.5009917858227,oliveira de azemeis,18327.436719979472,4.378686469073901,0
2022,Aveiro,Oliveira do Bairro,47035235.0,13539,3474.055321663343,0.22104739916945426,767.9308934244838,oliveira do bairro,18345.860455660037,4.185853780369091,0
2022,Aveiro,Ovar,110189256.0,32031,3440.0816708813336,0.22104739916945426,760.4211062788294,ovar,19602.017989551587,3.879300114325753,0
2022,Aveiro,Santa Maria da Feira,253117705.29,71484,3540.90013555481,0.22104739916945426,782.7067656831588,santa maria da feira,18249.14774871863,4.289004486459466,0
2022,Aveiro,Sever do Vouga,23661555.0,7612,3108.4544140830267,0.22104739916945426,687.1157636698629,sever do vouga,17451.00377720854,3.937399661601436,0
2022,Aveiro,São João da Madeira,56338854.0,13407,4202.196912060864,0.22104739916945426,928.8846982089658,sao joao da madeira,18859.925488275927,4.925176924937467,0
2022,Aveiro,Vagos,44825651.266,15431,2904.9090315598473,0.22104739916945426,642.1225862501624,vagos,17589.03397381432,3.6506984249738936,0
2022,Aveiro,Vale de Cambra,42376464.0,13304,3185.2423331328923,0.22104739916945426,704.0895334634703,vale de cambra,18806.159725352667,3.7439304129395654,0
2022,Aveiro,Águeda,84751813.0,24389,3475.001558079462,0.22104739916945426,768.1400565232664,agueda,18765.11711458227,4.093446642687612,0
2022,Aveiro,Ílhavo,69153800.0,25080,2757.3285486443383,0.22104739916945426,609.5003043335171,ilhavo,20809.297586644567,2.9289806722005607,0
2022,Beja,Aljustrel,21041634.0,5975,3521.6123849372384,0.22104739916945426,778.4432585733156,aljustrel,19873.58099852865,3.91697529816568,0
2022,Beja,Almodôvar,15446665.0,5643,2737.314371788056,0.22104739916945426,605.0762225929184,almodovar,19064.93334149411,3.1737652146729136,0
2022,Beja,Alvito,5633743.0,1676,3361.4218377088305,0.22104739916945426,743.0335547369443,alvito,18107.792557639776,4.103391136008207,0
2022,Beja,Barrancos,3034860.0,1231,2465.36149471974,0.22104739916945426,544.9617464203168,barrancos,15125.622624565825,3.6029045543899367,0
2022,Beja,Beja,83114675.0,22764,3651.1454489544894,0.22104739916945426,807.0762054807793,beja,21316.96898594476,3.786073930177039,0
2022,Beja,Castro Verde,15805945.0,4954,3190.541986273718,0.22104739916945426,705.26100800675,castro verde,23206.25323267153,3.0390989917055196,0
2022,Beja,Cuba,11017592.0,3103,3550.625845955527,0.22104739916945426,784.8566086723126,cuba,17683.819519616216,4.438275383899338,0
2022,Beja,Ferreira do Alentejo,19717429.0,5219,3778.00900555662,0.22104739916945426,835.1190647170672,ferreira do alentejo,15979.430785208138,5.226212847895192,1
2022,Beja,Moura,32602706.994,10289,3168.6954022742734,0.22104739916945426,700.4318774329357,moura,16353.102840017487,4.283174173643164,0
2022,Beja,Mértola,15854334.0,7962,1991.2501883948755,0.22104739916945426,440.16067524037305,mertola,15894.361961367438,2.7692881054943888,0
2022,Beja,Odemira,68695724.0,20164,3406.850029756001,0.22104739916945426,753.0753384379418,odemira,13536.284959553697,5.563382720503627,1
2022,Beja,Ourique,12148990.0,4124,2945.9238603297767,0.22104739916945426,651.1888074771358,ourique,16662.777839772854,3.908044707424442,0
2022,Beja,Serpa,34805020.408,10570,3292.811769914854,0.22104739916945426,727.8674776942458,serpa,16183.014502901635,4.497724929825271,0
2022,Beja,Vidigueira,13374413.0,3959,3378.230108613286,0.22104739916945426,746.7489793049099,vidigueira,17029.29579510892,4.385084317575762,0
2022,Braga,Amares,34133506.652,11230,3039.4930233303653,0.22104739916945426,671.8720276008786,amares,16868.124115680024,3.9830868150675367,0
2022,Braga,Barcelos,240503105.032,55933,4299.8427588722225,0.22104739916945426,950.4690586863156,barcelos,16821.70515122569,5.650253943590617,1
2022,Braga,Braga,393901343.368,105137,3746.55300577342,0.22104739916945426,828.1657977767159,braga,21927.09899867683,3.7769054530500856,0
2022,Braga,Cabeceiras de Basto,29726309.0,10582,2809.1390096390096,0.22104739916945426,620.9528719861596,cabeceiras de basto,14896.021730004692,4.168581942488641,0
2022,Braga,Celorico de Basto,30106850.02,10990,2739.4767989080983,0.22104739916945426,605.5542214836972,celorico de basto,14135.229415243904,4.284007027368422,0
2022,Braga,Esposende,81903777.0,25725,3183.8202915451893,0.22104739916945426,703.7751948689977,esposende,18995.469171615954,3.7049634758198877,0
2022,Braga,Fafe,93202443.212,28740,3242.952095059151,0.22104739916945426,716.8461262439581,fafe,15818.896313221747,4.5315811675483575,0
2022,Braga,Guimarães,303275660.218,77841,3896.091522693696,0.22104739916945426,861.2208980176002,guimaraes,18120.68700031336,4.752694519819846,0
2022,Braga,Póvoa de Lanhoso,39970054.0,13580,2943.3029455081,0.22104739916945426,650.6094610723595,povoa de lanhoso,15529.236690844726,4.189577852567131,0
2022,Braga,Terras de Bouro,14990234.0,5219,2872.242575205978,0.22104739916945426,634.901751033057,terras de bouro,14819.63678928695,4.284192386496441,0
2022,Braga,Vieira do Minho,22520406.0,8529,2640.450932113964,0.22104739916945426,583.6648111783529,vieira do minho,14789.41543840697,3.946503589740406,0
2022,Braga,Vila Nova de Famalicão,220578195.0,55333,3986.3769360056385,0.22104739916945426,881.1782538131444,vila nova de famalicao,18553.66137663928,4.749349661639435,0
2022,Braga,Vila Verde,90271855.0,26968,3347.36928952833,0.22104739916945426,739.9272755099412,vila verde,15840.273504556946,4.67117739663446,0
2022,Braga,Vizela,43262855.0,11065,3909.882964301853,0.22104739916945426,864.2694603158808,vizela,16428.65283885688,5.260744558870461,1
2022,Bragança,Alfândega da Fé,10164542.0,4149,2449.877560858038,0.22104739916945426,541.5390631112757,alfandega da fe,15545.913863807715,3.4834816907871033,0
2022,Bragança,Bragança,86386291.02,29780,2900.8156823371387,0.22104739916945426,641.2177620505903,braganca,20792.079515666315,3.083952048026022,0
2022,Bragança,Carrazeda de Ansiães,13457249.0,5562,2419.498202085581,0.22104739916945426,534.8237848661884,carrazeda de ansiaes,15092.757800569498,3.5435789266161004,0
2022,Bragança,Freixo de Espada À Cinta,8526272.0,3522,2420.8608745031233,0.22104739916945426,535.1250000600061,freixo de espada a cinta,15263.650074319688,3.505878328279594,0
2022,Bragança,Macedo de Cavaleiros,32690480.0,12505,2614.1927229108355,0.22104739916945426,577.860502327154,macedo de cavaleiros,16211.470328454725,3.5645162999982842,0
2022,Bragança,Miranda do douro,19099003.0,6516,2931.0931553100063,0.22104739916945426,647.9105187046662,miranda do douro,17356.378425961393,3.7329822086359448,0
2022,Bragança,Mirandela,52094564.542,17215,3026.114698925356,0.22104739916945426,668.9147837859061,mirandela,17931.70697169413,3.730346390568467,0
2022,Bragança,Mogadouro,21750407.0,8255,2634.8161114476075,0.22104739916945426,582.4192487252685,mogadouro,16329.59292962542,3.5666489130211803,0
2022,Bragança,Torre de Moncorvo,16306717.0,7204,2263.5642698500833,0.22104739916945426,500.3549947032656,torre de moncorvo,15580.244630097093,3.2114707219468572,0
2022,Bragança,Vila Flor,14805055.0,5673,2609.7399964745287,0.22104739916945426,576.8762387291953,vila flor,15514.910939365913,3.718205286409281,0
2022,Bragança,Vimioso,9857557.0,4939,1995.860903016805,0.22104739916945426,441.1798617158631,vimioso,15148.30604129308,2.9124039381911206,0
2022,Bragança,Vinhais,16537075.0,7934,2084.330098311066,0.22104739916945426,460.7357472422741,vinhais,14512.112741593974,3.1748357764733575,0
2022,Castelo Branco,Belmonte,13790810.0,5108,2699.84534064213,0.22104739916945426,596.7937907087121,belmonte,16314.840551155594,3.657981142000439,0
2022,Castelo Branco,Castelo Branco,128860199.0,43491,2962.9164424823525,0.22104739916945426,654.944973567136,castelo branco,20351.470780329844,3.2181702277761426,0
2022,Castelo Branco,Covilhã,111411780.0,35749,3116.500601415424,0.22104739916945426,688.8943524529195,covilha,18389.47198053881,3.746134490332088,0
2022,Castelo Branco,Fundão,64560035.0,24008,2689.10508997001,0.22104739916945426,594.419686231212,fundao,17133.36799497241,3.469368581855229,0
2022,Castelo Branco,Idanha-a-Nova,25412524.0,10717,2371.234860502006,0.22104739916945426,524.1552987339121,idanha a nova,15750.072289646068,3.327954875981657,0
2022,Castelo Branco,Oleiros,10524757.0,5629,1869.7383194173033,0.22104739916945426,413.3007926346612,oleiros,15876.859897389466,2.6031645760294055,0
2022,Castelo Branco,Penamacor,11692964.0,6381,1832.465757718226,0.22104739916945426,405.0617898106972,penamacor,15308.138349957615,2.646055193326749,0
2022,Castelo Branco,Proença-a-Nova,17296865.0,7391,2340.260451900961,0.22104739916945426,517.3084862718391,proenca a nova,16636.586188458594,3.1094629656095845,0
2022,Castelo Branco,Sertã,33547120.0,13634,2460.5486284289277,0.22104739916945426,543.8978748441824,serta,15724.919245493338,3.45882777744668,0
2022,Castelo Branco,Vila Velha de Ródão,8763131.0,3521,2488.818801476853,0.22104739916945426,550.1469230704967,vila velha de rodao,17529.010963910998,3.138493804374632,0
2022,Castelo Branco,Vila de Rei,7771256.0,3296,2357.783980582524,0.22104739916945426,521.1820167111699,vila de rei,16010.039155872846,3.2553450471730327,0
2022,Coimbra,Arganil,26086454.0,11059,2358.843837598336,0.22104739916945426,521.4162953480068,arganil,15881.625637555879,3.283141834769068,0
2022,Coimbra,Cantanhede,70447660.754,24063,2927.634158417487,0.22104739916945426,647.1459164378396,cantanhede,17938.3152626094,3.6076181456502194,0
2022,Coimbra,Coimbra,326257538.01199996,93778,3479.0413317835737,0.22104739916945426,769.0330379937934,coimbra,26163.865739960478,2.939294390351642,0
2022,Coimbra,Condeixa-a-Nova,26714637.0,9255,2886.5085899513774,0.22104739916945426,638.0552164890407,condeixa a nova,21840.896756629416,2.921378291371532,0
2022,Coimbra,Figueira da Foz,125253217.612,49508,2529.959150278743,0.22104739916945426,559.2408901740786,figueira da foz,21285.785943267052,2.6272973507514443,0
2022,Coimbra,Góis,10057421.0,4971,2023.218869442768,0.22104739916945426,447.2272690408875,gois,15604.576046305625,2.8660007661455715,0
2022,Coimbra,Lousã,33401597.0,11565,2888.1623000432337,0.22104739916945426,638.4207648038258,lousa,18853.61577335219,3.3861980241804512,0
2022,Coimbra,Mira,28484067.0,9881,2882.7109604291063,0.22104739916945426,637.2157603601336,mira,17994.093518303343,3.5412495756564035,0
2022,Coimbra,Miranda do Corvo,21781893.0,7725,2819.6625242718446,0.22104739916945426,623.2790675258694,miranda do corvo,17500.602524866357,3.561472050120909,0
2022,Coimbra,Montemor-o-Velho,47712174.0,14171,3366.8882929927317,0.22104739916945426,744.2419004601269,montemor o velho,19403.754618684517,3.8355561337776956,0
2022,Coimbra,Oliveira do Hospital,40019729.0,14651,2731.5356630946694,0.22104739916945426,603.7988540656874,oliveira do hospital,16110.027731299857,3.7479690546564264,0
2022,Coimbra,Pampilhosa da Serra,9464554.0,5321,1778.7171584288667,0.22104739916945426,393.18080172878314,pampilhosa da serra,15486.272904057543,2.538898831014183,0
2022,Coimbra,Penacova,23186922.0,8710,2662.10355912744,0.22104739916945426,588.4510680648681,penacova,15966.016213051804,3.6856474414940443,0
2022,Coimbra,Penela,11316685.0,4032,2806.7175099206347,0.22104739916945426,620.4176057713232,penela,17157.615901046025,3.6159895952298307,0
2022,Coimbra,Soure,33450826.0,11733,2851.0036648768432,0.22104739916945426,630.2069451436086,soure,18611.686102448322,3.3860819577260455,0
2022,Coimbra,Tábua,23771731.0,9279,2561.88500916047,0.22104739916945426,566.2980182461354,tabua,15488.338680206318,3.656286383831786,0
2022,Coimbra,Vila Nova de Poiares,13963444.0,4918,2839.252541683611,0.22104739916945426,627.6093899244247,vila nova de poiares,16142.731996745115,3.8878759187166745,0
2022,Faro,Albufeira,237360903.736,53187,4462.761647319834,0.22104739916945426,986.4818552532387,albufeira,15724.280972253475,6.273621394796688,1
2022,Faro,Alcoutim,7369409.0,3695,1994.4273342354536,0.22104739916945426,440.86297506521487,alcoutim,16361.662596318458,2.6944876321090594,0
2022,Faro,Aljezur,22361754.0,6452,3465.86391816491,0.22104739916945426,766.1202049856076,aljezur,16172.916765863498,4.737056500548331,0
2022,Faro,Castro Marim,25788745.516,9246,2789.17861951114,0.22104739916945426,616.5406796619864,castro marim,16693.780791514764,3.693235746664208,0
2022,Faro,Faro,183518474.024,45463,4036.655610584431,0.22104739916945426,892.2922240624739,faro,20793.779915595023,4.291149698055947,0
2022,Faro,Lagoa,105869957.464,24110,4391.122250684363,0.22104739916945426,970.6461529488988,lagoa,17295.18739640377,5.6122326442714785,1
2022,Faro,Lagoa,105869957.464,24110,4391.122250684363,0.22104739916945426,970.6461529488988,lagoa,18223.42489084373,5.326365152340794,1
2022,Faro,Lagos,129512013.0,34268,3779.386395470993,0.22104739916945426,835.4235331752816,lagos,17433.207145800596,4.792139083694207,0
2022,Faro,Loulé,369372488.37,76710,4815.180398513883,0.22104739916945426,1064.3831036232302,loule,18203.54558619915,5.847119719524215,1
2022,Faro,Monchique,13941877.466,4540,3070.898120264317,0.22104739916945426,678.8140425987933,monchique,15255.558982263623,4.449617633729411,0
2022,Faro,Olhão,96096591.546,30132,3189.187294105934,0.22104739916945426,704.9615568263862,olhao,17427.580939013827,4.045091279698155,0
2022,Faro,Portimão,180989048.0,56248,3217.697482577158,0.22104739916945426,711.2636598377811,portimao,17653.70506280601,4.028976678308274,0
2022,Faro,Silves,131509339.098,36129,3639.993885742755,0.22104739916945426,804.6111814361517,silves,16507.231895687964,4.874295015182606,0
2022,Faro,São Brás de Alportel,29454969.4,7819,3767.101854457092,0.22104739916945426,832.7080673341682,sao bras de alportel,19016.08785259098,4.3789662405283325,0
2022,Faro,Tavira,92071276.64,29351,3136.9042499403768,0.22104739916945426,693.404525892928,tavira,17621.353288574548,3.93502425459299,0
2022,Faro,Vila Real de Santo António,61181971.25,23861,2564.099210007963,0.22104739916945426,566.7874615847126,vila real de santo antonio,16620.816115843354,3.4101060840474458,0
2022,Faro,Vila do Bispo,28844815.0,6786,4250.635867963454,0.22104739916945426,939.5920034297174,vila do bispo,16024.683828026611,5.863404317446837,1
2022,Guarda,Aguiar da Beira,12888223.0,4892,2634.550899427637,0.22104739916945426,582.3606242980256,aguiar da beira,15929.23469369836,3.6559234357216726,0
2022,Guarda,Almeida,15562415.0,6955,2237.586628324946,0.22104739916945426,494.61270460757765,almeida,17027.003475539026,2.904872283124495,0
2022,Guarda,Celorico da Beira,13820633.0,6239,2215.2000320564193,0.22104739916945426,489.6642057261632,celorico da beira,16634.064185391315,2.943743635161667,0
2022,Guarda,Figueira de Castelo Rodrigo,13136234.0,5358,2451.7047405748413,0.22104739916945426,541.9429564354903,figueira de castelo rodrigo,15510.251428077177,3.4940952372599643,0
2022,Guarda,Fornos de Algodres,9683406.0,4094,2365.2677088422083,0.22104739916945426,522.8362753790641,fornos de algodres,15541.371447034637,3.3641579004845394,0
2022,Guarda,Gouveia,24350371.0,10844,2245.515584655109,0.22104739916945426,496.3653797824883,gouveia,16315.913195403102,3.04221635551687,0
2022,Guarda,Guarda,84124317.0,30449,2762.794081907452,0.22104739916945426,610.7084462464024,guarda,21503.03620298389,2.840103325323225,0
2022,Guarda,Manteigas,8587119.0,2742,3131.699124726477,0.22104739916945426,692.2539465020441,manteigas,15493.006734343253,4.468170435681339,0
2022,Guarda,Mêda,10328859.0,5038,2050.1903533148075,0.22104739916945426,453.1892454025427,meda,15550.948824032095,2.914222473050609,0
2022,Guarda,Pinhel,17808290.0,8276,2151.7991783470275,0.22104739916945426,475.64961190857906,pinhel,15701.118476624668,3.029399546387165,0
2022,Guarda,Sabugal,25558847.0,14809,1725.899588088325,0.22104739916945426,381.5056151745566,sabugal,15866.168115864042,2.4045227076164797,0
2022,Guarda,Seia,42891679.0,18086,2371.5403627114897,0.22104739916945426,524.222829202759,seia,16804.661279474978,3.1195084535446056,0
2022,Guarda,Trancoso,20332497.0,8126,2502.15321191238,0.22104739916945426,553.0944598167279,trancoso,16354.274316711211,3.3819566011043483,0
2022,Guarda,Vila Nova de Foz Côa,16451966.638,6685,2461.0271709798058,0.22104739916945426,544.0036554304459,vila nova de foz coa,15578.437473853119,3.4920296489522955,0
2022,Leiria,Alcobaça,135464897.282,38664,3503.6441465445896,0.22104739916945426,774.4714262089637,alcobaca,17802.70156731234,4.350302808147815,0
2022,Leiria,Alvaiázere,14808318.0,5884,2516.7093813732154,0.22104739916945426,556.3120632179155,alvaiazere,15549.118966935168,3.5777722480669154,0
2022,Leiria,Ansião,22886857.0,8987,2546.6626237899186,0.22104739916945426,562.9331495508198,ansiao,16549.419992693853,3.401527967743525,0
2022,Leiria,Batalha,35721774.3,9709,3679.24341332784,0.22104739916945426,813.2871874274643,batalha,19326.721250944112,4.2080970531291495,0
2022,Leiria,Bombarral,29115372.0,8779,3316.4793256635153,0.22104739916945426,733.0991293371856,bombarral,17417.384299635603,4.209008176690015,0
2022,Leiria,Caldas da Rainha,120189732.296,36740,3271.3590717474144,0.22104739916945426,723.1254145591661,caldas da rainha,18763.3014269286,3.8539348598928087,0
2022,Leiria,Castanheira de Pêra,6212143.0,2633,2359.3402962400305,0.22104739916945426,521.5260362395485,castanheira de pera,15077.50379077457,3.4589680326172636,0
2022,Leiria,Figueiró dos Vinhos,11918411.0,5213,2286.28639938615,0.22104739916945426,505.37766234080465,figueiro dos vinhos,15824.62920235227,3.1936145604326844,0
2022,Leiria,Leiria,301417648.044,81970,3677.170282347201,0.22104739916945426,812.8289272160566,leiria,21261.510862710802,3.8230064291509267,0
2022,Leiria,Marinha Grande,83537356.704,24709,3380.847331093933,0.22104739916945426,747.3275095273048,marinha grande,19780.367669898733,3.7781274948926704,0
2022,Leiria,Nazaré,40926945.0,15167,2698.4205841629855,0.22104739916945426,596.4788519945474,nazare,17088.64468278571,3.490498299115622,0
2022,Leiria,Pedrógão Grande,8041253.0,3810,2110.565091863517,0.22104739916945426,466.5349243342707,pedrogao grande,15198.975977500551,3.0695155056820593,0
2022,Leiria,Peniche,65263899.292,23365,2793.233438561952,0.22104739916945426,617.4369868672711,peniche,17994.482388031807,3.4312572796088348,0
2022,Leiria,Pombal,111737160.536,36930,3025.647455618738,0.22104739916945426,668.8115008681989,pombal,17866.886414751752,3.743301912503324,0
2022,Leiria,Porto de Mós,49130308.534,14275,3441.702874535902,0.22104739916945426,760.7794691301957,porto de mos,18203.247373421025,4.179361261886861,0
2022,Leiria,Óbidos,41789094.888,10355,4035.644122452921,0.22104739916945426,892.0686372417127,obidos,18648.723942918135,4.783537146950349,0
2022,Lisboa,Alenquer,79288442.0,24548,3229.934903047091,0.22104739916945426,713.9687098052029,alenquer,19376.882890929865,3.684641713654599,0
2022,Lisboa,Amadora,258524373.89,98244,2631.4520366638167,0.22104739916945426,581.6756287437,amadora,19626.334826255905,2.9637506640594986,0
2022,Lisboa,Arruda dos Vinhos,28963807.0,7615,3803.52028890348,0.22104739916945426,840.7582675503655,arruda dos vinhos,23544.740391555995,3.5708963172594252,0
2022,Lisboa,Azambuja,43302262.2,12209,3546.749299696945,0.22104739916945426,783.9997082040929,azambuja,18587.327121426653,4.217926026062846,0
2022,Lisboa,Cadaval,30828793.778,9580,3218.036928810021,0.22104739916945426,711.3386935447134,cadaval,17588.670404312565,4.044300547984004,0
2022,Lisboa,Cascais,500659258.75,127212,3935.629176099739,0.22104739916945426,869.9605934722695,cascais,27480.133510614603,3.1657800830415708,0
2022,Lisboa,Lisboa,1597844823.036,391403,4082.3520081246184,0.22104739916945426,902.3932938901457,lisboa,30081.782883720705,2.9997999034109513,0
2022,Lisboa,Loures,355857673.162,109513,3249.4559838740606,0.22104739916945426,718.2837939509812,loures,21482.12539608501,3.343634676305745,0
2022,Lisboa,Lourinhã,62252211.132,18757,3318.878878925201,0.22104739916945426,733.6295443448498,lourinha,18100.69850385047,4.053045489867634,0
2022,Lisboa,Mafra,190864374.712,49817,3831.310089166349,0.22104739916945426,846.9011306219113,mafra,23806.459817046874,3.5574425476545595,0
2022,Lisboa,Odivelas,229327071.45,81412,2816.870626566108,0.22104739916945426,622.6619257992692,odivelas,20907.690471669535,2.9781478095009692,0
2022,Lisboa,Oeiras,360217298.556,102575,3511.745537957592,0.22104739916945426,776.2622177104618,oeiras,30531.703071088963,2.5424792580454474,0
2022,Lisboa,Sintra,654401609.424,214217,3054.853767086646,0.22104739916945426,675.2674800575129,sintra,20160.679892549277,3.34942811282406,0
2022,Lisboa,Sobral de Monte Agraço,20986612.0,5858,3582.5558210993513,0.22104739916945426,791.9146466334003,sobral de monte agraco,19855.223056632876,3.9884449767934065,0
2022,Lisboa,Torres Vedras,174241377.612,51418,3388.723357812439,0.22104739916945426,749.0684847492196,torres vedras,19435.118761415088,3.8542007072082294,0
2022,Lisboa,Vila Franca de Xira,222765037.428,77547,2872.6454592440714,0.22104739916945426,634.9908075018445,vila franca de xira,21371.834603893345,2.9711572229094787,0
2022,Portalegre,Alter do Chão,8127814.0,2863,2838.9151239958087,0.22104739916945426,627.5348046221022,alter do chao,17027.279601952338,3.685467199059499,0
2022,Portalegre,Arronches,9771616.0,2287,4272.678618277219,0.22104739916945426,944.4644960571168,arronches,16615.640653086833,5.684189468082022,1
2022,Portalegre,Avis,12462254.0,3104,4014.901417525773,0.22104739916945426,887.4835162658273,avis,16154.851760719732,5.49360358987465,1
2022,Portalegre,Campo Maior,22336204.0,5274,4235.154342055366,0.22104739916945426,936.16985239256,campo maior,20721.010134466367,4.51797400955554,0
2022,Portalegre,Castelo de Vide,9014670.0,2933,3073.5322195704057,0.22104739916945426,679.3963033995582,castelo de vide,18210.632502493616,3.730767194969901,0
2022,Portalegre,Crato,9098893.0,3141,2896.8140719516077,0.22104739916945426,640.3332164823793,crato,16555.31244450911,3.867841326635658,0
2022,Portalegre,Elvas,52178627.0,13239,3941.2815922652767,0.22104739916945426,871.2100453646849,elvas,18187.962982932728,4.790036389353846,0
2022,Portalegre,Fronteira,8714461.0,2522,3455.3770816812053,0.22104739916945426,763.8021170553693,fronteira,17416.909217443306,4.3854056280571845,0
2022,Portalegre,Gavião,8399155.0,3507,2394.968634160251,0.22104739916945426,529.4015876735436,gaviao,16310.578388465507,3.2457560674115955,0
2022,Portalegre,Marvão,8949734.0,2812,3182.693456614509,0.22104739916945426,703.5261109382776,marvao,15487.394309582864,4.542572474589667,0
2022,Portalegre,Monforte,8178360.0,2207,3705.6456728590847,0.22104739916945426,819.123338229043,monforte,15965.252475669822,5.130663229268329,1
2022,Portalegre,Nisa,14979548.0,6826,2194.4840316437153,0.22104739916945426,485.0849877137416,nisa,17058.798264472283,2.843605863632316,0
2022,Portalegre,Ponte de Sor,35790642.482,10839,3302.024400959498,0.22104739916945426,729.9039058261723,ponte de sor,15924.052167367101,4.583656836555412,0
2022,Portalegre,Portalegre,49286650.198,15583,3162.847346338959,0.22104739916945426,699.1391798782371,portalegre,20568.894015419883,3.3990120195772966,0
2022,Portalegre,Sousel,14136892.0,3528,4007.055555555556,0.22104739916945426,885.7492088830683,sousel,15553.691901955845,5.6947843281612585,1
2022,Porto,Amarante,97134470.52,31504,3083.2424619095987,0.22104739916945426,681.5427272139419,amarante,15549.43062253936,4.383071919212435,0
2022,Porto,Baião,31222969.0,11876,2629.0812563152576,0.22104739916945426,581.151573913649,baiao,14374.766405969323,4.042859254201986,0
2022,Porto,Felgueiras,110729003.0,27681,4000.180737690112,0.22104739916945426,884.2295482741482,felgueiras,15315.727718972787,5.773343353308535,1
2022,Porto,Gondomar,287315603.882,82942,3464.0544462636544,0.22104739916945426,765.7202259279649,gondomar,18631.873543721707,4.1097328410431695,0
2022,Porto,Lousada,87297633.58,22256,3922.43141534867,0.22104739916945426,867.0432627833849,lousada,14975.906355193309,5.7895879035242075,1
2022,Porto,Maia,292274177.738,70393,4152.034687227423,0.22104739916945426,917.7964688729803,maia,23298.469397492416,3.939299415830988,0
2022,Porto,Marco de Canaveses,100615056.714,26602,3782.236550409744,0.22104739916945426,836.0535525117224,marco de canaveses,14607.684280320895,5.723381861682435,1
2022,Porto,Matosinhos,379733190.75,96434,3937.752149138271,0.22104739916945426,870.4298711409438,matosinhos,23012.009731297694,3.782502620608176,0
2022,Porto,Paredes,132824487.0,32503,4086.530074147002,0.22104739916945426,903.3168445179518,paredes,15374.239094170765,5.8755222875416955,1
2022,Porto,Paços de Ferreira,115143180.25,25754,4470.885309078201,0.22104739916945426,988.277569556658,pacos de ferreira,15135.459066485606,6.529551335149112,1
2022,Porto,Penafiel,136994989.258,35142,3898.3264827841326,0.22104739916945426,861.7149301328388,penafiel,16070.73029739404,5.362014757179832,1
2022,Porto,Porto,764543392.26,172804,4424.338512187218,0.22104739916945426,977.9885211642373,porto,26591.515174672415,3.6778217214780624,0
2022,Porto,Póvoa de Varzim,143241579.0,44547,3215.515724964644,0.22104739916945426,710.7813879919167,povoa de varzim,18570.76874133285,3.8274203824957165,0
2022,Porto,Santo Tirso,113137764.0,30008,3770.253399093575,0.22104739916945426,833.4047080794292,santo tirso,17866.7889033648,4.664546677005159,0
2022,Porto,Trofa,81681297.35599999,18828,4338.288578500105,0.22104739916945426,958.9674071239971,trofa,18179.82787265917,5.274898166479332,1
2022,Porto,Valongo,168565193.578,47797,3526.689825261,0.22104739916945426,779.5656135513211,valongo,19004.625857038012,4.101978220542676,0
2022,Porto,Vila Nova de Gaia,606806730.514,161386,3759.971314203215,0.22104739916945426,831.1318799563757,vila nova de gaia,20796.230084199782,3.9965507045810167,0
2022,Porto,Vila do Conde,177958597.936,46654,3814.4338735371025,0.22104739916945426,843.1706870492435,vila do conde,19900.79932209854,4.2368684463490744,0
2022,Santarém,Abrantes,71915537.0,24985,2878.348489093456,0.22104739916945426,636.2514474174368,abrantes,18557.159252346486,3.4286036928684824,0
2022,Santarém,Alcanena,28220465.0,8133,3469.871511127505,0.22104739916945426,767.0060729869191,alcanena,16493.393252265527,4.650383709741253,0
2022,Santarém,Almeirim,51659625.514,13872,3724.0214470876585,0.22104739916945426,823.1852553299943,almeirim,17167.404728334677,4.79504775681867,0
2022,Santarém,Alpiarça,18006328.0,4455,4041.8244668911334,0.22104739916945426,893.434786305751,alpiarca,17403.192014210606,5.133740899808583,1
2022,Santarém,Benavente,67382224.822,17357,3882.1354394192545,0.22104739916945426,858.1359421071927,benavente,19915.9609319594,4.308785024427975,0
2022,Santarém,Cartaxo,51018316.604,14590,3496.800315558602,0.22104739916945426,772.9586151691559,cartaxo,19153.69945893777,4.035557813916032,0
2022,Santarém,Chamusca,22874849.644,6104,3747.5179626474446,0.22104739916945426,828.3790989840297,chamusca,15884.306117830007,5.215078913986559,1
2022,Santarém,Constância,8668735.0,2392,3624.0530936454848,0.22104739916945426,801.0875108023491,constancia,19481.411309600928,4.112060969666778,0
2022,Santarém,Coruche,39949303.978,11462,3485.3693926016404,0.22104739916945426,770.4318393794132,coruche,17552.834550947035,4.389216095800583,0
2022,Santarém,Entroncamento,35662536.0,12437,2867.45485245638,0.22104739916945426,633.843437371314,entroncamento,22401.66208879506,2.829448256378941,0
2022,Santarém,Ferreira do Zêzere,20249951.158,7855,2577.9695936346275,0.22104739916945426,569.8534738108693,ferreira do zezere,15722.92366684192,3.624348027667612,0
2022,Santarém,Golegã,19298527.0,4154,4645.769619643717,0.22104739916945426,1026.9352915627085,golega,18349.400458088963,5.59656046478622,1
2022,Santarém,Mação,16457097.296,6821,2412.710349802082,0.22104739916945426,533.3233477729744,macao,16613.55369827971,3.2101701866964123,0
2022,Santarém,Ourém,101582330.0,31845,3189.89888522531,0.22104739916945426,705.1188521925963,ourem,17455.745930567926,4.039465600595248,0
2022,Santarém,Rio Maior,45402446.0,13174,3446.3675421284347,0.22104739916945426,761.8105817695151,rio maior,17435.462419837302,4.369316760436251,0
2022,Santarém,Salvaterra de Magos,50103399.894,12756,3927.830032455315,0.22104739916945426,868.2366130539206,salvaterra de magos,18043.10292440342,4.812013857547886,0
2022,Santarém,Santarém,137461826.994,37719,3644.36562459238,0.22104739916945426,805.5775429387093,santarem,20476.93912212224,3.9340720707051595,0
2022,Santarém,Sardoal,8215756.0,3007,2732.210176255404,0.22104739916945426,603.9479534455733,sardoal,16778.32239085808,3.59957294523464,0
2022,Santarém,Tomar,78846720.0,27274,2890.911490797096,0.22104739916945426,639.0284662697878,tomar,18588.253571591504,3.4378079888388084,0
2022,Santarém,Torres Novas,76004043.752,21982,3457.558172686744,0.22104739916945426,764.2842415494956,torres novas,19686.807421518544,3.8822152580925815,0
2022,Santarém,Vila Nova da Barquinha,13203503.74,4311,3062.747330085827,0.22104739916945426,677.0123316286621,vila nova da barquinha,20696.62789431732,3.2711238520867916,0
2022,Setúbal,Alcochete,46730662.54,11714,3989.30019976097,0.22104739916945426,881.8244336633468,alcochete,27152.802287266517,3.2476369265093648,0
2022,Setúbal,Alcácer do Sal,34327420.0,8281,4145.323028619732,0.22104739916945426,916.3128741936371,alcacer do sal,17561.366167170276,5.217776712079603,1
2022,Setúbal,Almada,330873165.87,115815,2856.911158917239,0.22104739916945426,631.5127813368471,almada,22462.409961980575,2.811420423746753,0
2022,Setúbal,Barreiro,122711538.344,48991,2504.7771701741135,0.22104739916945426,553.6744789660133,barreiro,20293.25659930125,2.728366816122937,0
2022,Setúbal,Grândola,52888128.778,12497,4232.065998079539,0.22104739916945426,935.4871819889627,grandola,20072.798328010558,4.660472180819644,0
2022,Setúbal,Moita,96813333.806,39172,2471.493255539671,0.22104739916945426,546.3171562018916,moita,17925.46264506626,3.0477157941151267,0
2022,Setúbal,Montijo,118595457.832,32403,3660.0147465358145,0.22104739916945426,809.0367406435912,montijo,21331.618036739073,3.7926646691788752,0
2022,Setúbal,Palmela,146725127.212,38656,3795.662438224338,0.22104739916945426,839.0213100946793,palmela,22091.42388100984,3.797950347672773,0
2022,Setúbal,Santiago do Cacém,66982288.0,20422,3279.9083341494465,0.22104739916945426,725.0152067779525,santiago do cacem,22503.84720265077,3.221738933121407,0
2022,Setúbal,Seixal,275012668.428,92325,2978.745393208773,0.22104739916945426,658.4439219567926,seixal,21712.17767772826,3.032601942237262,0
2022,Setúbal,Sesimbra,109392528.0,36433,3002.5671232124723,0.22104739916945426,663.7096534178273,sesimbra,21526.308696665194,3.0832487946279787,0
2022,Setúbal,Setúbal,231092446.934,75038,3079.6722585090224,0.22104739916945426,680.7535430377386,setubal,22257.42717262959,3.0585455262092247,0
2022,Setúbal,Sines,32232844.0,9853,3271.373591799452,0.22104739916945426,723.1286241789047,sines,22316.83323543693,3.240283316858091,0
2022,Viana do Castelo,Arcos de Valdevez,45243015.0,19009,2380.083907622705,0.22104739916945426,526.1113575850706,arcos de valdevez,14740.147029113823,3.5692409074748586,0
2022,Viana do Castelo,Caminha,44136088.112,16126,2736.9520099218653,0.22104739916945426,604.9961234448386,caminha,18261.870725627112,3.312892378521988,0
2022,Viana do Castelo,Melgaço,18616820.548,8034,2317.2542379885485,0.22104739916945426,512.2230225217643,melgaco,15075.048790565947,3.3978199980507955,0
2022,Viana do Castelo,Monção,41554188.6,14884,2791.8696990056437,0.22104739916945426,617.1355357852046,moncao,16104.12864424335,3.832157264875107,0
2022,Viana do Castelo,Paredes de Coura,16646430.728,6539,2545.7150524545036,0.22104739916945426,562.7236913715989,paredes de coura,15238.987068658107,3.6926581067120123,0
2022,Viana do Castelo,Ponte da Barca,22740522.0,9260,2455.7799136069116,0.22104739916945426,542.8437628353948,ponte da barca,14347.442774836369,3.783557609217131,0
2022,Viana do Castelo,Ponte de Lima,84250846.92,25814,3263.7656666924927,0.22104739916945426,721.4469121209354,ponte de lima,16215.138275411126,4.449218377711574,0
2022,Viana do Castelo,Valença,32363583.0,9938,3256.548903199839,0.22104739916945426,719.8516653204633,valenca,15518.399687437752,4.638697802732765,0
2022,Viana do Castelo,Viana do Castelo,184380969.504,56418,3268.123107944273,0.22104739916945426,722.4101131766752,viana do castelo,19602.19453708709,3.685353248636957,0
2022,Viana do Castelo,Vila Nova de Cerveira,23132345.0,6735,3434.6466221232367,0.22104739916945426,759.2197028864929,vila nova de cerveira,16887.177369094614,4.495835427630127,0
2022,Vila Real,Alijó,20812796.0,9053,2298.9943665083397,0.22104739916945426,508.1867254218956,alijo,14277.349104177953,3.55939132477461,0
2022,Vila Real,Boticas,10656345.252,4810,2215.4563933471936,0.22104739916945426,489.7208737227366,boticas,14045.342192535558,3.486713723379416,0
2022,Vila Real,Chaves,81565787.64,30523,2672.2729626838777,0.22104739916945426,590.6989882721233,chaves,17565.93567734185,3.3627527683256906,0
2022,Vila Real,Mesão Frio,6859709.0,2408,2848.7163621262457,0.22104739916945426,629.7013428194758,mesao frio,14268.092724117061,4.413353312143148,0
2022,Vila Real,Mondim de Basto,11653183.0,5221,2231.9829534571923,0.22104739916945426,493.3740268522694,mondim de basto,13964.37873995276,3.533089699441498,0
2022,Vila Real,Montalegre,18358969.0,10421,1761.728145091642,0.22104739916945426,389.42542451613446,montalegre,14080.148129762003,2.76577647427575,0
2022,Vila Real,Murça,10759705.0,4429,2429.3757055768797,0.22104739916945426,537.0071813232271,murca,14775.813446014718,3.6343662789547935,0
2022,Vila Real,Peso da Régua,29557838.506,10228,2889.8942614391867,0.22104739916945426,638.8036103658632,peso da regua,16678.61442268878,3.830076013369945,0
2022,Vila Real,Ribeira de Pena,12711036.0,4977,2553.9553948161542,0.22104739916945426,564.5451976189077,ribeira de pena,14347.695759810293,3.934744693989609,0
2022,Vila Real,Sabrosa,11501270.0,4899,2347.6770769544805,0.22104739916945426,518.9479119505346,sabrosa,15074.88895029447,3.4424659024794844,0
2022,Vila Real,Santa Marta de Penaguião,10633965.0,4562,2330.9875054800527,0.22104739916945426,515.2587255828597,santa marta de penaguiao,13673.455396240424,3.768313938585943,0
2022,Vila Real,Valpaços,31659022.0,13754,2301.8047113566963,0.22104739916945426,508.8079448413941,valpacos,13447.982433172358,3.783526245441169,0
2022,Vila Real,Vila Pouca de Aguiar,25981673.0,10518,2470.2104012169616,0.22104739916945426,546.0335845903435,vila pouca de aguiar,15064.848147257042,3.6245541890162594,0
2022,Vila Real,Vila Real,110044545.844,34343,3204.2787713362254,0.22104739916945426,708.297488617767,vila real,21288.478447075053,3.3271400320067688,0
2022,Viseu,Armamar,14766966.0,5075,2909.7469950738914,0.22104739916945426,643.1920055022185,armamar,14999.63806447684,4.288050169860228,0
2022,Viseu,Carregal do Sal,16919001.0,7270,2327.2353507565335,0.22104739916945426,514.4293215399443,carregal do sal,16994.036967499338,3.027116644054484,0
2022,Viseu,Castro daire,28422403.0,12568,2261.4897358370463,0.22104739916945426,499.8964243551952,castro daire,14678.965145105543,3.405529064301085,0
2022,Viseu,Cinfães,29588863.0,12226,2420.158923605431,0.22104739916945426,534.9698356397265,cinfaes,13314.485446777342,4.017953512196834,0
2022,Viseu,Lamego,47345591.0,17897,2645.448455048332,0.22104739916945426,584.7695006252848,lamego,17970.741308391338,3.2540087834452875,0
2022,Viseu,Mangualde,36769630.0,13256,2773.810350030175,0.22104739916945426,613.1435636634837,mangualde,18566.761424805125,3.3023721780812356,0
2022,Viseu,Moimenta da Beira,21797798.0,8504,2563.2405926622764,0.22104739916945426,566.5976664535667,moimenta da beira,16262.589879501407,3.484055557274731,0
2022,Viseu,Mortágua,17697030.826,6636,2666.8220051235685,0.22104739916945426,589.4940682804338,mortagua,16912.222209802632,3.4856097617896262,0
2022,Viseu,Nelas,24081307.0,9451,2548.0168236165487,0.22104739916945426,563.2324919004521,nelas,18225.719783486136,3.0903168631550173,0
2022,Viseu,Oliveira de Frades,19026311.406,6684,2846.5456921005384,0.22104739916945426,629.2215218558382,oliveira de frades,16699.595009068733,3.767884918850659,0
2022,Viseu,Penalva do Castelo,13135879.0,5907,2223.781784323684,0.22104739916945426,491.5611797451586,penalva do castelo,16048.203197976563,3.063029385165917,0
2022,Viseu,Penedono,6051560.0,2780,2176.820143884892,0.22104739916945426,481.18043126543256,penedono,14179.810636550388,3.3934193029709765,0
2022,Viseu,Resende,16845283.0,7715,2183.445625405055,0.22104739916945426,482.64497672370993,resende,13773.900093229144,3.504054577548188,0
2022,Viseu,Santa Comba Dão,19434269.0,7833,2481.076088344185,0.22104739916945426,548.4354164700052,santa comba dao,17269.21439509264,3.1757982958729905,0
2022,Viseu,Sernancelhe,11389834.0,4698,2424.400595998297,0.22104739916945426,535.9074462902984,sernancelhe,14692.024606538092,3.647607873266251,0
2022,Viseu,Sátão,20878446.0,9375,2227.03424,0.22104739916945426,492.2801266133222,satao,16623.743161531063,2.9613073411318434,0
2022,Viseu,São João da Pesqueira,14685135.0,5766,2546.8496357960457,0.22104739916945426,562.9744880683877,sao joao da pesqueira,14635.81124488173,3.8465547187571496,0
2022,Viseu,São Pedro do Sul,28629775.0,12157,2355.0032902854323,0.22104739916945426,520.5673523531021,sao pedro do sul,16338.46978796549,3.1861450864666594,0
2022,Viseu,Tabuaço,9548503.0,4394,2173.0776058261267,0.22104739916945426,480.3531529612498,tabuaco,14751.419913697335,3.2563180749483043,0
2022,Viseu,Tarouca,14190925.0,6532,2172.5237293325167,0.22104739916945426,480.23072000287624,tarouca,15341.901793024836,3.1301902885417516,0
2022,Viseu,Tondela,48746077.0,19096,2552.6852220360283,0.22104739916945426,564.264429229365,tondela,17885.14448748498,3.1549335797885534,0
2022,Viseu,Vila Nova de Paiva,10604068.542,4658,2276.5282400171745,0.22104739916945426,503.22064659161157,vila nova de paiva,16181.158767700937,3.109917242738423,0
2022,Viseu,Viseu,218150259.334,65499,3330.5891591322,0.22104739916945426,736.2180713281525,viseu,21804.358822806906,3.376472004111782,0
2022,Viseu,Vouzela,19095557.0,7227,2642.2522485125223,0.22104739916945426,584.0629874833356,vouzela,17114.970450326855,3.4125854273513014,0
2022,Évora,Alandroal,15271411.0,4080,3742.9928921568626,0.22104739916945426,827.3788439210281,alandroal,15427.99507545738,5.3628409905134715,1
2022,Évora,Arraiolos,18923460.0,4810,3934.191268191268,0.22104739916945426,869.6427476688567,arraiolos,18116.815406202804,4.80019654762895,0
2022,Évora,Borba,15016020.0,4232,3548.2088846880906,0.22104739916945426,784.3223456702525,borba,17096.412914088327,4.5876427389275936,0
2022,Évora,Estremoz,33810391.0,9325,3625.779195710456,0.22104739916945426,801.469061174512,estremoz,18618.229560999516,4.304754426561519,0
2022,Évora,Montemor-o-Novo,44463668.0,10693,4158.203310577013,0.22104739916945426,919.1600270208633,montemor o novo,18492.73010082377,4.970385778679151,0
2022,Évora,Mora,11513475.0,3590,3207.0961002785516,0.22104739916945426,708.9202518530731,mora,17206.10112233075,4.1201678800609205,0
2022,Évora,Mourão,6481495.838,1948,3327.2565903490763,0.22104739916945426,735.4814156660897,mourao,16775.143573167814,4.384352434649247,0
2022,Évora,Portel,13863277.0,4130,3356.7256658595643,0.22104739916945426,741.9954781636112,portel,15544.746562284197,4.773287716146464,0
2022,Évora,Redondo,14985455.0,4447,3369.7897458961097,0.22104739916945426,744.8832590782312,redondo,16184.139543676858,4.6025508929157555,0
2022,Évora,Reguengos de Monsaraz,25441093.0,7108,3579.2196117051208,0.22104739916945426,791.1771862237209,reguengos de monsaraz,18085.167288266337,4.374729708676994,0
2022,Évora,Vendas Novas,24730643.0,6971,3547.646392196242,0.22104739916945426,784.198008167877,vendas novas,19128.18106513179,4.099699838148066,0
2022,Évora,Viana do Alentejo,13639835.0,3723,3663.6677410690304,0.22104739916945426,809.8442255843388,viana do alentejo,17271.975146577784,4.688776001074775,0
2022,Évora,Vila Viçosa,16760486.0,4881,3433.822167588609,0.22104739916945426,759.03745935588,vila vicosa,18123.29386779826,4.188187119255121,0
2022,Évora,Évora,140353627.0,32893,4266.975557109416,0.22104739916945426,943.2038492186695,evora,22733.553520986283,4.148950353704972,0
2023,Aveiro,Albergaria-a-Velha,50632888.774,14198,3566.198674038597,0.21831711363050355,778.5622011490354,albergaria a velha,19540.60264044878,3.984330552515419,0
2023,Aveiro,Anadia,57777270.0,17201,3358.9483169583164,0.21831711363050355,733.3159013923774,anadia,19530.48623182271,3.7547242433602213,0
2023,Aveiro,Arouca,42341374.0,12659,3344.7645153645626,0.21831711363050355,730.2193347681214,arouca,17018.21792819169,4.290809636175064,0
2023,Aveiro,Aveiro,187329707.788,51422,3642.9875887363382,0.21831711363050355,795.3265353646652,aveiro,24470.00977756412,3.2502093076149006,0
2023,Aveiro,Castelo de Paiva,27037582.0,8092,3341.2731092436975,0.21831711363050355,729.4571010613022,castelo de paiva,15526.373915093065,4.698180689518257,0
2023,Aveiro,Espinho,62962890.0,18626,3380.376355631912,0.21831711363050355,737.9940089463596,espinho,21276.969965426666,3.46851083657842,0
2023,Aveiro,Estarreja,50181732.0,14426,3478.561763482601,0.21831711363050355,759.4295637889558,estarreja,19475.483451216278,3.8994131554743414,0
2023,Aveiro,Mealhada,36103114.0,11502,3138.855329507912,0.21831711363050355,685.2658356418905,mealhada,20394.437962696138,3.3600623704135586,0
2023,Aveiro,Murtosa,22681438.706,8583,2642.6003385762556,0.21831711363050355,576.9248783969596,murtosa,18665.113177139898,3.090926226493759,0
2023,Aveiro,Oliveira de Azeméis,120975811.866,33132,3651.328379391525,0.21831711363050355,797.1474727059019,oliveira de azemeis,19210.300322396488,4.149583605293984,0
2023,Aveiro,Oliveira do Bairro,48620426.0,13657,3560.1102731200117,0.21831711363050355,777.2329990338646,oliveira do bairro,19237.978292940876,4.040097078803027,0
2023,Aveiro,Ovar,111371313.612,32246,3453.802444086088,0.21831711363050355,754.0241806428534,ovar,20547.39798630934,3.669682074320345,0
2023,Aveiro,Santa Maria da Feira,258469046.658,72196,3580.1020369272533,0.21831711363050355,781.5975432046444,santa maria da feira,19163.600933474878,4.0785525951928685,0
2023,Aveiro,Sever do Vouga,23835319.0,7686,3101.1344002081705,0.21831711363050355,677.0307112337106,sever do vouga,18342.64803418173,3.6910194753345116,0
2023,Aveiro,São João da Madeira,56005203.0,13495,4150.070618747684,0.21831711363050355,906.0314388477524,sao joao da madeira,19710.01020363628,4.596808573344115,0
2023,Aveiro,Vagos,46763561.934,15573,3002.861486804084,0.21831711363050355,655.57605243127,vagos,18471.00665900019,3.5492166969244945,0
2023,Aveiro,Vale de Cambra,42806604.466,13423,3189.0489805557622,0.21831711363050355,696.2239686612338,vale de cambra,19717.27781431783,3.5310349390911675,0
2023,Aveiro,Águeda,86912133.0,24569,3537.47132565428,0.21831711363050355,772.2905293675135,agueda,19659.596109187198,3.9283133034793707,0
2023,Aveiro,Ílhavo,71590772.666,25403,2818.201498484431,0.21831711363050355,615.2616167782809,ilhavo,21777.566600838294,2.8252082891327137,0
2023,Beja,Aljustrel,22228686.0,6013,3696.771328787627,0.21831711363050355,807.068446252916,aljustrel,20902.73530014047,3.8610661937985333,0
2023,Beja,Almodôvar,15841168.0,5692,2783.058327477161,0.21831711363050355,607.5892611201506,almodovar,20236.42071682846,3.0024541870434818,0
2023,Beja,Alvito,6042229.0,1695,3564.736873156342,0.21831711363050355,778.243064999719,alvito,18901.77114682689,4.117302336137772,0
2023,Beja,Barrancos,3064729.0,1238,2475.548465266559,0.21831711363050355,540.4545955894181,barrancos,15602.23411029294,3.463956455010985,0
2023,Beja,Beja,84790491.0,22977,3690.2333202767986,0.21831711363050355,805.6410871059402,beja,22181.890915850134,3.6319765982180856,0
2023,Beja,Castro Verde,15484627.0,4993,3101.2671740436613,0.21831711363050355,677.0596980342406,castro verde,24408.033104123813,2.7739215820706553,0
2023,Beja,Cuba,11018295.0,3128,3522.4728260869565,0.21831711363050355,769.016100233187,cuba,18379.76382332088,4.184036898545088,0
2023,Beja,Ferreira do Alentejo,20295361.0,5250,3865.783047619047,0.21831711363050355,843.9665968779218,ferreira do alentejo,16688.510829563464,5.0571714007150765,1
2023,Beja,Moura,33562915.87,10341,3245.616078715791,0.21831711363050355,708.5735342579846,moura,17151.411328546088,4.13128412982939,0
2023,Beja,Mértola,15801136.0,7995,1976.3772357723576,0.21831711363050355,431.4769735588543,mertola,16701.007795406746,2.5835385435693454,0
2023,Beja,Odemira,67751484.0,20241,3347.239958500074,0.21831711363050355,730.7597663684226,odemira,14073.68807293589,5.192382853601074,1
2023,Beja,Ourique,12138144.0,4150,2924.8539759036144,0.21831711363050355,638.5456778099795,ourique,17590.940646552746,3.6299689177515,0
2023,Beja,Serpa,35354692.536,10688,3307.8866519461076,0.21831711363050355,722.1682660697443,serpa,16947.774321227465,4.261139264553532,0
2023,Beja,Vidigueira,14000730.0,4008,3493.196107784431,0.21831711363050355,762.6244915968064,vidigueira,17954.75456610722,4.247479344754704,0
2023,Braga,Amares,35374221.0,11361,3113.653815685239,0.21831711363050355,679.7639138850052,amares,17782.40550479297,3.822676935928525,0
2023,Braga,Barcelos,243285741.922,56736,4288.031266250705,0.21831711363050355,936.1506092052072,barcelos,17691.85046646728,5.291422799325402,1
2023,Braga,Braga,403621415.456,106586,3786.814548402229,0.21831711363050355,826.7264220611734,braga,23017.514813660484,3.59172755509872,0
2023,Braga,Cabeceiras de Basto,30229226.0,10692,2827.275158997382,0.21831711363050355,617.2425521515314,cabeceiras de basto,15656.321651401408,3.9424493562080185,0
2023,Braga,Celorico de Basto,30553004.4,11128,2745.597088425593,0.21831711363050355,599.4108315373899,celorico de basto,14916.754954082948,4.018372852423387,0
2023,Braga,Esposende,84851776.0,26069,3254.891863899651,0.21831711363050355,710.5985969059816,esposende,19964.24533913402,3.559356163155651,0
2023,Braga,Fafe,94735265.866,29066,3259.31555308608,0.21831711363050355,711.5643639607612,fafe,16627.127135869814,4.279538841233123,0
2023,Braga,Guimarães,307917891.284,79007,3897.349491614667,0.21831711363050355,850.8580918186244,guimaraes,19062.714175025027,4.463467709825783,0
2023,Braga,Póvoa de Lanhoso,41437089.0,13735,3016.897633782308,0.21831711363050355,658.6403835260494,povoa de lanhoso,16335.656274198256,4.031918721051659,0
2023,Braga,Terras de Bouro,15303834.0,5303,2885.8823307561756,0.21831711363050355,630.0375007279584,terras de bouro,15590.17643226829,4.041246765007208,0
2023,Braga,Vieira do Minho,23324928.8,8618,2706.5361800881874,0.21831711363050355,590.8831667733818,vieira do minho,15503.670809397054,3.811246859132464,0
2023,Braga,Vila Nova de Famalicão,226081234.6,56194,4023.2272947289744,0.21831711363050355,878.3393704646888,vila nova de famalicao,19486.06361126277,4.507525932313064,0
2023,Braga,Vila Verde,92694000.0,27439,3378.1843361638544,0.21831711363050355,737.5154535830713,vila verde,16714.82207400298,4.412344028059678,0
2023,Braga,Vizela,43283137.0,11259,3844.314503952394,0.21831711363050355,839.2796463907677,vizela,17242.559625404137,4.867488729192063,0
2023,Bragança,Alfândega da Fé,9861738.0,4154,2374.034183919114,0.21831711363050355,518.292290693369,alfandega da fe,16328.67092443246,3.1741241714771307,0
2023,Bragança,Bragança,88248603.286,30009,2940.7378881668833,0.21831711363050355,642.0134076884565,braganca,21695.286861218763,2.9592298631279332,0
2023,Bragança,Carrazeda de Ansiães,13467463.214,5611,2400.1894874353948,0.21831711363050355,524.0024410631731,carrazeda de ansiaes,15778.000976108233,3.3210952506381606,0
2023,Bragança,Freixo de Espada À Cinta,8317589.0,3491,2382.5806359209396,0.21831711363050355,520.1581274261891,freixo de espada a cinta,15943.990106692414,3.262408744269449,0
2023,Bragança,Macedo de Cavaleiros,33196590.0,12549,2645.357398995936,0.21831711363050355,577.526791869889,macedo de cavaleiros,16977.147199526826,3.4017893883018546,0
2023,Bragança,Miranda do douro,19182462.0,6554,2926.8327738785474,0.21831711363050355,638.9776832723247,miranda do douro,18139.43347523112,3.522588972499227,0
2023,Bragança,Mirandela,52314431.0,17321,3020.2893020033484,0.21831711363050355,659.3808427424592,mirandela,18774.809393174877,3.5120507960105365,0
2023,Bragança,Mogadouro,21851200.0,8307,2630.456241723847,0.21831711363050355,574.2736142244925,mogadouro,17145.15113226501,3.3494812019695877,0
2023,Bragança,Torre de Moncorvo,16339334.352,7190,2272.508254798331,0.21831711363050355,496.1274428890646,torre de moncorvo,16353.183065868547,3.033827976429581,0
2023,Bragança,Vila Flor,14359645.0,5684,2526.3274102744545,0.21831711363050355,551.5405082967438,vila flor,16250.27133841603,3.3940387628660016,0
2023,Bragança,Vimioso,10111500.0,4949,2043.1400282885431,0.21831711363050355,446.0524337189001,vimioso,15885.98760251441,2.807835715849983,0
2023,Bragança,Vinhais,16742021.0,7937,2109.3638654403426,0.21831711363050355,460.51023069941743,vinhais,15286.123053587928,3.012603189736376,0
2023,Castelo Branco,Belmonte,14181333.0,5137,2760.6254623321006,0.21831711363050355,602.6917827512186,belmonte,17118.693194375028,3.520664667027592,0
2023,Castelo Branco,Castelo Branco,128725484.024,43828,2937.0604185452225,0.21831711363050355,641.2105531351916,castelo branco,21268.399368221937,3.0148510098660877,0
2023,Castelo Branco,Covilhã,115697999.0,36150,3200.497897648686,0.21831711363050355,698.7234631951559,covilha,19304.24247093657,3.6195331893863045,0
2023,Castelo Branco,Fundão,63954456.0,24236,2638.8205974583266,0.21831711363050355,576.0996962258228,fundao,17992.822130861678,3.2018306635604654,0
2023,Castelo Branco,Idanha-a-Nova,24518383.0,10708,2289.725719088532,0.21831711363050355,499.8863099969375,idanha a nova,16512.58736029948,3.0273045591800662,0
2023,Castelo Branco,Oleiros,10940971.0,5627,1944.3701794917365,0.21831711363050355,424.48928541586,oleiros,16815.42715396536,2.5244038199514804,0
2023,Castelo Branco,Penamacor,11634726.0,6383,1822.7676641077865,0.21831711363050355,397.9413752470271,penamacor,16019.344377066933,2.484130223311226,0
2023,Castelo Branco,Proença-a-Nova,17141402.0,7422,2309.5394772298573,0.21831711363050355,504.2119924845245,proenca a nova,17455.688288115594,2.888525414536696,0
2023,Castelo Branco,Sertã,33928287.0,13694,2477.602380604644,0.21831711363050355,540.9030004576701,serta,16538.202744296697,3.270627460678603,0
2023,Castelo Branco,Vila Velha de Ródão,8562864.0,3539,2419.571630404069,0.21831711363050355,528.2338945720678,vila velha de rodao,18337.632443512233,2.8806002966809077,0
2023,Castelo Branco,Vila de Rei,7916317.0,3348,2364.491338112306,0.21831711363050355,516.2089241410057,vila de rei,16849.15420345745,3.0637082307376566,0
2023,Coimbra,Arganil,25072875.924,11126,2253.5390907783567,0.21831711363050355,491.9861497522401,arganil,16737.752585159327,2.9393799869431927,0
2023,Coimbra,Cantanhede,72133833.764,24244,2975.327246493978,0.21831711363050355,649.5648565607589,cantanhede,18825.838648405523,3.4503900128548834,0
2023,Coimbra,Coimbra,331395597.712,94513,3506.349366880747,0.21831711363050355,765.4960731575482,coimbra,27340.745889908078,2.799836098985527,0
2023,Coimbra,Condeixa-a-Nova,27301890.0,9374,2912.512267975251,0.21831711363050355,635.8512717577884,condeixa a nova,22856.312712884537,2.781950351070175,0
2023,Coimbra,Figueira da Foz,124399661.894,49903,2492.8293267739414,0.21831711363050355,544.2273033947582,figueira da foz,22256.54504570526,2.445246116489114,0
2023,Coimbra,Góis,9706449.0,4981,1948.6948403934953,0.21831711363050355,425.43343290136266,gois,16440.41432318102,2.587729387704668,0
2023,Coimbra,Lousã,33250169.0,11669,2849.444596794927,0.21831711363050355,622.0825198223024,lousa,19744.65095839052,3.1506382216290705,0
2023,Coimbra,Mira,29365863.0,9922,2959.6717395686355,0.21831711363050355,646.1469914763959,mira,18897.17690993835,3.4192778876752548,0
2023,Coimbra,Miranda do Corvo,21832578.084,7762,2812.751621231642,0.21831711363050355,614.0718153068115,miranda do corvo,18455.957940757122,3.3272280814572572,0
2023,Coimbra,Montemor-o-Velho,47124126.0,14286,3298.622847543049,0.21831711363050355,720.145819031231,montemor o velho,20383.228869377923,3.533031119093789,0
2023,Coimbra,Oliveira do Hospital,40713171.0,14731,2763.77510012898,0.21831711363050355,603.3794025840148,oliveira do hospital,16965.6562377709,3.5564754709617534,0
2023,Coimbra,Pampilhosa da Serra,9253093.0,5342,1732.1402096593035,0.21831711363050355,378.1558509761544,pampilhosa da serra,16298.532783294371,2.320183393217797,0
2023,Coimbra,Penacova,22949750.0,8751,2622.5288538452746,0.21831711363050355,572.542929784213,penacova,16811.974646600225,3.4055662218119904,0
2023,Coimbra,Penela,11609645.0,4064,2856.7039862204724,0.21831711363050355,623.6673687684073,penela,18133.916430622732,3.439231514904418,0
2023,Coimbra,Soure,33692102.0,11772,2862.054196398233,0.21831711363050355,624.8354112117325,soure,19520.427046579218,3.2009310540223526,0
2023,Coimbra,Tábua,23770331.0,9354,2541.194248449861,0.21831711363050355,554.7861934960104,tabua,16285.679478006547,3.4065891708432368,0
2023,Coimbra,Vila Nova de Poiares,13934063.0,4969,2804.1986315153954,0.21831711363050355,612.2045512790492,vila nova de poiares,16970.62166624411,3.6074373898557397,0
2023,Faro,Albufeira,253115277.982,53838,4701.424235335637,0.21831711363050355,1026.4013690109734,albufeira,16485.56281391576,6.2260620434782465,1
2023,Faro,Alcoutim,7221989.0,3701,1951.361523912456,0.21831711363050355,426.0156155501882,alcoutim,17287.478108480478,2.4643016921086,0
2023,Faro,Aljezur,22519827.0,6562,3431.8541603169765,0.21831711363050355,749.2324946812377,aljezur,16945.92902443934,4.421312597265679,0
2023,Faro,Castro Marim,27171989.068,9278,2928.647237335633,0.21831711363050355,639.3738116970636,castro marim,17613.7599544731,3.6299677828565593,0
2023,Faro,Faro,190400793.12,45965,4142.299426085065,0.21831711363050355,904.3348544961826,faro,21676.666155013823,4.171927767993093,0
2023,Faro,Lagoa,110787331.658,24252,4568.17300255649,0.21831711363050355,997.3103444829238,lagoa,18277.351851912284,5.456536332852723,1
2023,Faro,Lagoa,110787331.658,24252,4568.17300255649,0.21831711363050355,997.3103444829238,lagoa,19258.302384517923,5.17859946619531,1
2023,Faro,Lagos,134839887.808,34545,3903.311269590389,0.21831711363050355,852.15964997839,lagos,18298.06341573024,4.657102943723632,0
2023,Faro,Loulé,385948094.09,77385,4987.376030109194,0.21831711363050355,1088.8295394833985,loule,19132.721520793864,5.690928696683504,1
2023,Faro,Monchique,13910242.0,4567,3045.8160718195754,0.21831711363050355,664.9537734490482,monchique,16049.668613126838,4.143099708022571,0
2023,Faro,Olhão,99777970.266,30422,3279.7965375714944,0.21831711363050355,716.035713377928,olhao,18265.024422496812,3.92025598660572,0
2023,Faro,Portimão,190476655.914,56830,3351.6919921520325,0.21831711363050355,731.7317215051041,portimao,18501.094495890724,3.955072612961514,0
2023,Faro,Silves,135394243.9,36658,3693.443283867096,0.21831711363050355,806.341877091833,silves,17302.679364058906,4.660213947943605,0
2023,Faro,São Brás de Alportel,29459463.65,7856,3749.931727342159,0.21831711363050355,818.6742710247885,sao bras de alportel,19985.834801303878,4.096272580875021,0
2023,Faro,Tavira,96410635.172,29633,3253.4888526980058,0.21831711363050355,710.2922955500471,tavira,18474.268957007058,3.844765371788323,0
2023,Faro,Vila Real de Santo António,62707013.892000005,24038,2608.6618642149933,0.21831711363050355,569.5155286333859,vila real de santo antonio,17439.925989968986,3.2655845498481884,0
2023,Faro,Vila do Bispo,29110272.0,6824,4265.866354044549,0.21831711363050355,931.3116295484856,vila do bispo,16845.402141756025,5.528580568818658,1
2023,Guarda,Aguiar da Beira,13065928.0,4915,2658.378026449644,0.21831711363050355,580.3694176732407,aguiar da beira,16875.48732151627,3.439126862625584,0
2023,Guarda,Almeida,15673355.0,6991,2241.9331998283506,0.21831711363050355,489.4523851389244,almeida,17837.537001369885,2.743946011724239,0
2023,Guarda,Celorico da Beira,14158836.0,6263,2260.711480121347,0.21831711363050355,493.55200509143594,celorico da beira,17462.181170024654,2.826405248495879,0
2023,Guarda,Figueira de Castelo Rodrigo,13169652.0,5325,2473.174084507042,0.21831711363050355,539.9362276353405,figueira de castelo rodrigo,16361.593111066948,3.300022338717913,0
2023,Guarda,Fornos de Algodres,9744788.0,4098,2377.937530502684,0.21831711363050355,519.1444580529934,fornos de algodres,16293.590267992833,3.186188246508211,0
2023,Guarda,Gouveia,24664595.0,10848,2273.653668879056,0.21831711363050355,496.37750638508015,gouveia,17154.083028519843,2.8936405726835903,0
2023,Guarda,Guarda,84860078.0,30671,2766.7854977014117,0.21831711363050355,604.0366238929084,guarda,22544.313566149624,2.6793302981727147,0
2023,Guarda,Manteigas,8562769.0,2749,3114.8668606766096,0.21831711363050355,680.0287423662252,manteigas,16250.502193719747,4.184662936933928,0
2023,Guarda,Mêda,10353772.0,5042,2053.504958349861,0.21831711363050355,448.3152753328691,meda,16406.8769305444,2.7324839287253275,0
2023,Guarda,Pinhel,17903304.0,8323,2151.0637991108974,0.21831711363050355,469.6140398569564,pinhel,16509.972140429905,2.8444266038884307,0
2023,Guarda,Sabugal,25886922.0,14811,1747.8172979542232,0.21831711363050355,381.57842764283185,sabugal,16633.73767940327,2.294002917428002,0
2023,Guarda,Seia,42995433.0,18173,2365.896274693226,0.21831711363050355,516.515645840186,seia,17635.982369559122,2.9287602755360336,0
2023,Guarda,Trancoso,19813324.0,8122,2439.4636788968232,0.21831711363050355,532.576669183204,trancoso,17252.543595473206,3.0869457957662756,0
2023,Guarda,Vila Nova de Foz Côa,15232394.14,6712,2269.427017282479,0.21831711363050355,495.4547560081937,vila nova de foz coa,16344.081819882585,3.031401589078395,0
2023,Leiria,Alcobaça,138470722.148,39127,3539.006878830475,0.21831711363050355,772.6257669047666,alcobaca,18649.15402963463,4.14295343197347,0
2023,Leiria,Alvaiázere,14782506.0,5891,2509.337294177559,0.21831711363050355,547.8312751902225,alvaiazere,16362.146979690584,3.348162535578093,0
2023,Leiria,Ansião,22694380.0,8998,2522.158257390531,0.21831711363050355,550.6303108728414,ansiao,17420.578119226484,3.1608038901138986,0
2023,Leiria,Batalha,35695802.0,9789,3646.521810195117,0.21831711363050355,796.0981163924768,batalha,20323.213980597866,3.917186116096078,0
2023,Leiria,Bombarral,29576812.0,8891,3326.6012821954787,0.21831711363050355,726.2539901284491,bombarral,18273.65101656453,3.974323409537159,0
2023,Leiria,Caldas da Rainha,123830157.928,37139,3334.2351147849968,0.21831711363050355,727.9205864253312,caldas da rainha,19663.270591237022,3.7019303734228757,0
2023,Leiria,Castanheira de Pêra,6196694.0,2637,2349.902919984831,0.21831711363050355,513.0240228029804,castanheira de pera,15885.034542495554,3.2296059629618146,0
2023,Leiria,Figueiró dos Vinhos,12212309.0,5244,2328.8155987795576,0.21831711363050355,508.4202997032458,figueiro dos vinhos,16593.127734610724,3.0640413780625515,0
2023,Leiria,Leiria,307046010.35,82873,3705.0186472071728,0.21831711363050355,808.8689770054629,leiria,22281.531121646363,3.630221696118773,0
2023,Leiria,Marinha Grande,83843994.278,24905,3366.5526712708293,0.21831711363050355,734.9760620769089,marinha grande,20598.712138769682,3.5680680283578514,0
2023,Leiria,Nazaré,42071114.0,15321,2745.977024998368,0.21831711363050355,599.4937781933207,nazare,17890.16519464353,3.3509683765961777,0
2023,Leiria,Pedrógão Grande,8116987.0,3820,2124.8657068062826,0.21831711363050355,463.89454796238743,pedrogao grande,15929.6138939001,2.9121518641454696,0
2023,Leiria,Peniche,66994942.0,23582,2840.935544059028,0.21831711363050355,620.2248479892712,peniche,18877.693760000053,3.2854905682571554,0
2023,Leiria,Pombal,113197992.0,37272,3037.078557630393,0.21831711363050355,663.0462245709602,pombal,18778.543711091286,3.530871375181991,0
2023,Leiria,Porto de Mós,49540738.0,14424,3434.6046866333886,0.21831711363050355,749.8329816476015,porto de mos,19117.118208469794,3.9223117913001646,0
2023,Leiria,Óbidos,43356327.0,10500,4129.174,0.21831711363050355,901.4693493581209,obidos,19577.276267005556,4.604671952642395,0
2023,Lisboa,Alenquer,81535357.0,24844,3281.8932941555304,0.21831711363050355,716.4934712233405,alenquer,20267.679719952164,3.535152918950071,0
2023,Lisboa,Amadora,265416087.208,98889,2683.9798886428216,0.21831711363050355,585.9587423308211,amadora,20449.616691392814,2.8653776311487027,0
2023,Lisboa,Arruda dos Vinhos,29992573.0,7708,3891.0966528282306,0.21831711363050355,849.4929901027729,arruda dos vinhos,24756.376749964547,3.431410818644895,0
2023,Lisboa,Azambuja,43692394.928,12331,3543.2969692644556,0.21831711363050355,773.5623670655269,azambuja,19422.014059730205,3.982915287191758,0
2023,Lisboa,Cadaval,31848261.0,9697,3284.3416520573373,0.21831711363050355,717.0279896535975,cadaval,18512.038499453756,3.873306495525899,0
2023,Lisboa,Cascais,517328258.16,128101,4038.440434969282,0.21831711363050355,881.6606593312089,cascais,28637.477440178944,3.0786952557986886,0
2023,Lisboa,Lisboa,1649134119.072,395131,4173.638917402077,0.21831711363050355,911.1768017831611,lisboa,31602.15772424058,2.883274014812725,0
2023,Lisboa,Loures,367438498.0,110688,3319.58747108991,0.21831711363050355,724.7227551323318,loures,22659.348834479333,3.1983388420657786,0
2023,Lisboa,Lourinhã,65185020.49,19084,3415.689608572626,0.21831711363050355,745.7034964012802,lourinha,19027.43043057241,3.919097216632666,0
2023,Lisboa,Mafra,191023927.294,50424,3788.353309812788,0.21831711363050355,827.0623600108927,mafra,24980.005883881735,3.310897378709394,0
2023,Lisboa,Odivelas,239316866.374,82206,2911.184905894947,0.21831711363050355,635.5614858996739,odivelas,21848.19844666901,2.9089880680600104,0
2023,Lisboa,Oeiras,366633525.124,103089,3556.4757163615905,0.21831711363050355,776.4395130930399,oeiras,31851.682827715886,2.4376718721354886,0
2023,Lisboa,Sintra,669137601.626,215689,3102.3260417823813,0.21831711363050355,677.2908669826744,sintra,20980.013226041912,3.2282671115858586,0
2023,Lisboa,Sobral de Monte Agraço,21476821.0,5944,3613.1933041722746,0.21831711363050355,788.821933155953,sobral de monte agraco,20836.636202055008,3.785745095833442,0
2023,Lisboa,Torres Vedras,178299410.866,51886,3436.368401225764,0.21831711363050355,750.218030726677,torres vedras,20407.967287952535,3.6761036517809114,0
2023,Lisboa,Vila Franca de Xira,227106716.932,78246,2902.470630217519,0.21831711363050355,633.6590103863973,vila franca de xira,22293.22282309815,2.8423840528335775,0
2023,Portalegre,Alter do Chão,8047563.0,2879,2795.263285863147,0.21831711363050355,610.2538124069594,alter do chao,17847.691425367804,3.419231080718795,0
2023,Portalegre,Arronches,9798485.0,2311,4239.932929467763,0.21831711363050355,925.6499191483273,arronches,17316.823344853354,5.345379465474741,1
2023,Portalegre,Avis,12466796.0,3109,4009.905435831457,0.21831711363050355,875.43098068199,avis,16930.71455306653,5.170667652201543,1
2023,Portalegre,Campo Maior,22661503.0,5328,4253.285097597598,0.21831711363050355,928.5649259551421,campo maior,21749.39708753969,4.269382375142345,0
2023,Portalegre,Castelo de Vide,8794752.0,2943,2988.362895005097,0.21831711363050355,652.4107617180083,castelo de vide,19129.30394358794,3.4105305851271894,0
2023,Portalegre,Crato,9208828.0,3153,2920.6558832857595,0.21831711363050355,637.6291623468959,crato,17378.237396572396,3.669124479060569,0
2023,Portalegre,Elvas,52772664.0,13326,3960.1278703286807,0.21831711363050355,864.5636862578706,elvas,19061.820604702174,4.535577708902578,0
2023,Portalegre,Fronteira,9008969.0,2542,3544.047600314713,0.21831711363050355,773.7262426698205,fronteira,18375.683013625367,4.210598550791887,0
2023,Portalegre,Gavião,8595357.0,3521,2441.1692700937233,0.21831711363050355,532.9490289303448,gaviao,17090.639187545752,3.1183680322425507,0
2023,Portalegre,Marvão,8603851.095999999,2815,3056.430229484902,0.21831711363050355,667.2710257141614,marvao,16171.95940720643,4.1260988165529096,0
2023,Portalegre,Monforte,8262678.0,2218,3725.283137962128,0.21831711363050355,813.2930621362767,monforte,16664.41641543602,4.880417302720152,0
2023,Portalegre,Nisa,14972350.0,6854,2184.4689232564924,0.21831711363050355,476.9069501408914,nisa,17855.778590424634,2.6708829734069295,0
2023,Portalegre,Ponte de Sor,36011015.0,10894,3305.5824306957957,0.21831711363050355,721.6652151372101,ponte de sor,16771.578738555218,4.302905685785056,0
2023,Portalegre,Portalegre,49959082.294,15629,3196.5629467016443,0.21831711363050355,697.8643960621201,portalegre,21499.13158209393,3.2460120233105285,0
2023,Portalegre,Sousel,14285572.0,3540,4035.472316384181,0.21831711363050355,881.0126682487966,sousel,16344.88857520036,5.3901417816058546,1
2023,Porto,Amarante,97568244.0,31822,3066.0625982025012,0.21831711363050355,669.3739366500124,amarante,16339.21329598912,4.0967329609090015,0
2023,Porto,Baião,31007603.0,11940,2596.951675041876,0.21831711363050355,566.9589939330438,baiao,15145.299231196615,3.7434651192972757,0
2023,Porto,Felgueiras,109561427.548,27968,3917.385138300915,0.21831711363050355,855.2322163728867,felgueiras,16058.520560221143,5.325722336411227,1
2023,Porto,Gondomar,288136493.764,83359,3456.573300591418,0.21831711363050355,754.6291060373813,gondomar,19537.920657316765,3.8623818740648836,0
2023,Porto,Lousada,90438667.0,22649,3993.0534239922295,0.21831711363050355,871.7518980983828,lousada,15779.141783189987,5.524710469533186,1
2023,Porto,Maia,296758189.316,70965,4181.754235411822,0.21831711363050355,912.9485145872422,maia,24399.35783550972,3.741690747526881,0
2023,Porto,Marco de Canaveses,103903531.0,26994,3849.134289101282,0.21831711363050355,840.3318879727921,marco de canaveses,15372.977453533893,5.466292333497303,1
2023,Porto,Matosinhos,385599282.766,97594,3951.05521616083,0.21831711363050355,862.5829705869776,matosinhos,24104.868045618434,3.5784596246473543,0
2023,Porto,Paredes,134385468.334,32931,4080.8195418906193,0.21831711363050355,890.9127436325138,paredes,16223.574899547819,5.491469969774326,1
2023,Porto,Paços de Ferreira,117194975.636,26126,4485.760378014238,0.21831711363050355,979.3182581661449,pacos de ferreira,15956.71884448383,6.137341064354787,1
2023,Porto,Penafiel,140057023.864,35570,3937.504185099803,0.21831711363050355,859.624548599017,penafiel,16934.065300890197,5.076303494317031,1
2023,Porto,Porto,787053792.49,175995,4472.023594363476,0.21831711363050355,976.319283208944,porto,27883.94121135344,3.501367600113209,0
2023,Porto,Póvoa de Varzim,145301477.0,44996,3229.2087518890567,0.21831711363050355,704.9915340227797,povoa de varzim,19501.404086116145,3.6150808983271734,0
2023,Porto,Santo Tirso,114967989.774,30265,3798.711044903354,0.21831711363050355,829.3236308396143,santo tirso,18785.83984322631,4.414621000501328,0
2023,Porto,Trofa,80064490.334,19028,4207.719693819635,0.21831711363050355,918.6172185209288,trofa,19102.52723880694,4.808877940792831,0
2023,Porto,Valongo,171503215.412,48228,3556.09221638882,0.21831711363050355,776.3557884859072,valongo,19921.37370500421,3.897099667835095,0
2023,Porto,Vila Nova de Gaia,617268872.73,163322,3779.459428184813,0.21831711363050355,825.1206734449017,vila nova de gaia,21789.739174630504,3.786739560451364,0
2023,Porto,Vila do Conde,182051982.932,47195,3857.442164042802,0.21831711363050355,842.1456392504278,vila do conde,20911.307492114684,4.027226129059541,0
2023,Santarém,Abrantes,72511643.806,25097,2889.255441128422,0.21831711363050355,630.7739084483843,abrantes,19426.19679489543,3.24702727511816,0
2023,Santarém,Alcanena,28272338.0,8195,3449.9497254423427,0.21831711363050355,753.1830662289204,alcanena,17247.36326508374,4.366946150857127,0
2023,Santarém,Almeirim,53325888.542,14021,3803.287108052208,0.21831711363050355,830.3226637380632,almeirim,18011.38826148873,4.609987035332683,0
2023,Santarém,Alpiarça,18479978.742,4532,4077.665212268314,0.21831711363050355,890.2240994939328,alpiarca,18301.825940156104,4.864127231921099,0
2023,Santarém,Benavente,69159092.2,17558,3938.89350723317,0.21831711363050355,859.9278613970766,benavente,20864.973008215333,4.121394554684976,0
2023,Santarém,Cartaxo,51455936.0,14684,3504.2179242713155,0.21831711363050355,765.030742759188,cartaxo,20001.70768791868,3.8248271332416164,0
2023,Santarém,Chamusca,23840403.322,6178,3858.919281644545,0.21831711363050355,842.4681193017333,chamusca,16651.23173958425,5.059494291338042,1
2023,Santarém,Constância,8702064.0,2424,3589.960396039604,0.21831711363050355,783.7497917111857,constancia,20395.59248925263,3.842740984966136,0
2023,Santarém,Coruche,40620524.0,11516,3527.311913858978,0.21831711363050355,770.0725559081794,coruche,18459.74886523753,4.171630727644087,0
2023,Santarém,Entroncamento,36621775.672,12590,2908.7987030976965,0.21831711363050355,635.0405369924412,entroncamento,23324.083049102996,2.722681683372173,0
2023,Santarém,Ferreira do Zêzere,20640256.8,7903,2611.698949765912,0.21831711363050355,570.1785763847114,ferreira do zezere,16580.26908245435,3.4388982081604964,0
2023,Santarém,Golegã,19723601.0,4214,4680.493830090176,0.21831711363050355,1021.8319033506676,golega,19243.213521137146,5.310089721907758,1
2023,Santarém,Mação,16091858.644,6825,2357.7814863003664,0.21831711363050355,514.7440486605346,macao,17410.953969394708,2.956437938813468,0
2023,Santarém,Ourém,105083815.0,32175,3266.008236208236,0.21831711363050355,713.025491222434,ourem,18315.111070756193,3.8930994656151685,0
2023,Santarém,Rio Maior,46923348.806,13274,3534.981829591683,0.21831711363050355,771.7470297727327,rio maior,18220.877188242426,4.235509749611429,0
2023,Santarém,Salvaterra de Magos,51979327.0,12867,4039.7394108960902,0.21831711363050355,881.9442480062252,salvaterra de magos,18941.588429115232,4.6561261285277595,0
2023,Santarém,Santarém,142577523.0,37997,3752.336316024949,0.21831711363050355,819.1992338854839,santarem,21399.462611916355,3.828129933642868,0
2023,Santarém,Sardoal,8290157.0,3024,2741.4540343915346,0.21831711363050355,598.506331939059,sardoal,17503.814665564983,3.41929084244986,0
2023,Santarém,Tomar,80380654.9,27398,2933.814690853347,0.21831711363050355,640.5019552338708,tomar,19497.246014467826,3.28508936471638,0
2023,Santarém,Torres Novas,75956109.0,22132,3431.958657148021,0.21831711363050355,749.2553081277748,torres novas,20608.78502067789,3.6356112569276027,0
2023,Santarém,Vila Nova da Barquinha,13619959.0,4363,3121.6958514783405,0.21831711363050355,681.5196279270684,vila nova da barquinha,21698.636166908535,3.140840846792107,0
2023,Setúbal,Alcochete,48113887.032,11786,4082.291450195147,0.21831711363050355,891.2340864050869,alcochete,28523.39371849753,3.1245723955600635,0
2023,Setúbal,Alcácer do Sal,35966060.0,8363,4300.617003467655,0.21831711363050355,938.8982910273237,alcacer do sal,18500.127618462495,5.075090887969526,1
2023,Setúbal,Almada,342868443.636,116501,2943.0515071630284,0.21831711363050355,642.5185103097356,almada,23442.376388641664,2.740842053116465,0
2023,Setúbal,Barreiro,126608579.118,49461,2559.76585831261,0.21831711363050355,558.8406937567175,barreiro,21139.42047494027,2.643595146892486,0
2023,Setúbal,Grândola,56383674.494,12714,4434.770685386188,0.21831711363050355,968.1863356466826,grandola,21159.960234989292,4.575558389026304,0
2023,Setúbal,Moita,99916387.0,39463,2531.900438385323,0.21831711363050355,552.7571957080903,moita,18693.06887882248,2.957016845609086,0
2023,Setúbal,Montijo,123614494.638,32795,3769.309182436347,0.21831711363050355,822.9047010904563,montijo,22308.199663203573,3.6887992465290806,0
2023,Setúbal,Palmela,150459864.264,39169,3841.299605912839,0.21831711363050355,838.6214425528818,palmela,23137.774067289884,3.6244689749064927,0
2023,Setúbal,Santiago do Cacém,67212793.0,20572,3267.197793116858,0.21831711363050355,713.2851918532235,santiago do cacem,23612.285607380265,3.020822311374545,0
2023,Setúbal,Seixal,279967279.0,93385,2997.9898163516623,0.21831711363050355,654.5124833995383,seixal,22680.35815374795,2.8858119389590833,0
2023,Setúbal,Sesimbra,112240693.0,36803,3049.7702089503573,0.21831711363050355,665.8170292543397,sesimbra,22502.362137176067,2.9588761624022837,0
2023,Setúbal,Setúbal,240292969.3,75735,3172.812692942497,0.21831711363050355,692.6793092134311,setubal,23239.536954459167,2.980607189251767,0
2023,Setúbal,Sines,32846862.0,9923,3310.174543988713,0.21831711363050355,722.6677520567841,sines,23456.663088715213,3.0808634174587817,0
2023,Viana do Castelo,Arcos de Valdevez,46015187.0,19142,2403.8860620624805,0.21831711363050355,524.8094665660783,arcos de valdevez,15482.193693701593,3.389761663940294,0
2023,Viana do Castelo,Caminha,44854703.0,16263,2758.082949025395,0.21831711363050355,602.1367085847315,caminha,19141.008866036034,3.145794000718363,0
2023,Viana do Castelo,Melgaço,19007789.0,8055,2359.750341402855,0.21831711363050355,515.1738834236667,melgaco,15793.241702333928,3.2619894834354,0
2023,Viana do Castelo,Monção,42498469.0,15025,2828.517071547421,0.21831711363050355,617.5136829148374,moncao,16875.259239832547,3.659284127957284,0
2023,Viana do Castelo,Paredes de Coura,17180471.0,6575,2612.999391634981,0.21831711363050355,570.4624851000108,paredes de coura,16011.874466360827,3.562746424839198,0
2023,Viana do Castelo,Ponte da Barca,23271214.588,9314,2498.5199257032423,0.21831711363050355,545.469658527832,ponte da barca,15080.716659002486,3.6170009082573147,0
2023,Viana do Castelo,Ponte de Lima,86435110.6,26154,3304.852435573908,0.21831711363050355,721.5058447092354,ponte de lima,17083.196490202143,4.223482678566896,0
2023,Viana do Castelo,Valença,33844735.0,10134,3339.7212354450367,0.21831711363050355,729.1183004528598,valenca,16247.954399616143,4.487446742650171,0
2023,Viana do Castelo,Viana do Castelo,188194458.152,57025,3300.209700166594,0.21831711363050355,720.4922561157603,viana do castelo,20548.83049299276,3.5062445834153486,0
2023,Viana do Castelo,Vila Nova de Cerveira,23883572.0,6788,3518.4991160872128,0.21831711363050355,768.1485713356383,vila nova de cerveira,17748.08970641416,4.32806338057909,0
2023,Vila Real,Alijó,21468271.0,9099,2359.4099351577097,0.21831711363050355,515.0995669147648,alijo,15025.565168108824,3.428154356603128,0
2023,Vila Real,Boticas,10676544.372,4826,2212.296803149606,0.21831711363050355,482.9822525576123,boticas,14810.566081987143,3.2610654439807223,0
2023,Vila Real,Chaves,81988682.734,30775,2664.1326639805034,0.21831711363050355,581.6257535289677,chaves,18394.15361742103,3.1620142227045025,0
2023,Vila Real,Mesão Frio,7058045.0,2411,2927.434674408959,0.21831711363050355,639.1090884588168,mesao frio,15007.310548674901,4.258651717680675,0
2023,Vila Real,Mondim de Basto,11800864.0,5256,2245.2176560121766,0.21831711363050355,490.1694381328232,mondim de basto,14679.006956792708,3.3392547573253744,0
2023,Vila Real,Montalegre,18627850.0,10441,1784.105928550905,0.21831711363050355,389.50085673230296,montalegre,14708.99688086903,2.648045001892003,0
2023,Vila Real,Murça,11304847.0,4464,2532.447804659498,0.21831711363050355,552.8766951331669,murca,15516.969105120561,3.563045665604367,0
2023,Vila Real,Peso da Régua,29145175.75,10290,2832.378595724004,0.21831711363050355,618.3567197272835,peso da regua,17535.808454923612,3.5262515630048665,0
2023,Vila Real,Ribeira de Pena,12686331.0,5038,2518.1284239777688,0.21831711363050355,549.7505292737553,ribeira de pena,15142.551970756382,3.6305011885410416,0
2023,Vila Real,Sabrosa,11713005.0,4928,2376.827313311688,0.21831711363050355,518.9020786403523,sabrosa,15887.101841402471,3.266184630906508,0
2023,Vila Real,Santa Marta de Penaguião,10222115.0,4568,2237.7659807355517,0.21831711363050355,488.5426098947186,santa marta de penaguiao,14329.322780684677,3.409390781211611,0
2023,Vila Real,Valpaços,31237976.0,13795,2264.4418992388546,0.21831711363050355,494.3664194258023,valpacos,14087.157032351859,3.5093412978251406,0
2023,Vila Real,Vila Pouca de Aguiar,25821288.0,10565,2444.040511121628,0.21831711363050355,533.5758699840944,vila pouca de aguiar,15859.657651415708,3.3643593179104023,0
2023,Vila Real,Vila Real,111460541.612,34718,3210.453989630739,0.21831711363050355,700.8970484597176,vila real,22246.243694361026,3.1506309923116627,0
2023,Viseu,Armamar,14792658.0,5097,2902.228369629194,0.21831711363050355,633.6061207540077,armamar,15715.185930838239,4.03180798205301,0
2023,Viseu,Carregal do Sal,17640965.408,7321,2409.6387662887582,0.21831711363050355,526.0653803483292,carregal do sal,17896.090227647568,2.939554805862645,0
2023,Viseu,Castro daire,28569809.656,12592,2268.8857731893263,0.21831711363050355,495.33659316000706,castro daire,15498.399479106954,3.196049978113929,0
2023,Viseu,Cinfães,30365631.0,12279,2472.97263620816,0.21831711363050355,539.8922480241828,cinfaes,14013.114289400195,3.8527641812824456,0
2023,Viseu,Lamego,46621487.0,18006,2589.2195379318005,0.21831711363050355,565.2709360769768,lamego,18865.61591948543,2.996302577606991,0
2023,Viseu,Mangualde,37848149.0,13350,2835.06734082397,0.21831711363050355,618.9437187967961,mangualde,19471.70544461049,3.1786826303297,0
2023,Viseu,Moimenta da Beira,22281562.0,8512,2617.6647086466164,0.21831711363050355,571.4810036441623,moimenta da beira,17081.415696033124,3.345630208957911,0
2023,Viseu,Mortágua,17323786.89,6695,2587.570857356236,0.21831711363050355,564.9110008924208,mortagua,17774.627861219924,3.1781875002003526,0
2023,Viseu,Nelas,24775248.0,9494,2609.5689909416474,0.21831711363050355,569.7135699220461,nelas,19169.345813234493,2.9720031944372174,0
2023,Viseu,Oliveira de Frades,19338537.0,6730,2873.482466567608,0.21831711363050355,627.3303981689,oliveira de frades,17536.74476824408,3.577234010412717,0
2023,Viseu,Penalva do Castelo,13433987.0,5949,2258.192469322575,0.21831711363050355,493.002061924644,penalva do castelo,16890.208776994255,2.918863043280733,0
2023,Viseu,Penedono,6095678.0,2802,2175.473947180585,0.21831711363050355,474.9431929268239,penedono,14955.062808880532,3.175802061124048,0
2023,Viseu,Resende,17004664.0,7741,2196.7012013951685,0.21831711363050355,479.57746579725267,resende,14537.905704769724,3.298807101492677,0
2023,Viseu,Santa Comba Dão,19792667.734,7867,2515.910478454303,0.21831711363050355,549.2663138088826,santa comba dao,18114.530302661926,3.032186342298746,0
2023,Viseu,Sernancelhe,11712637.0,4736,2473.107474662162,0.21831711363050355,539.9216855662669,sernancelhe,15494.440099970003,3.4846156562140775,0
2023,Viseu,Sátão,21220019.0,9456,2244.0798434856174,0.21831711363050355,489.92103418617216,satao,17471.685142593222,2.804085754680994,0
2023,Viseu,São João da Pesqueira,14536868.0,5787,2511.9868671159497,0.21831711363050355,548.4097223064854,sao joao da pesqueira,15449.046073551988,3.549796665085594,0
2023,Viseu,São Pedro do Sul,29087126.0,12262,2372.1355406948296,0.21831711363050355,517.877784384829,sao pedro do sul,17161.513585236138,3.0176696350976506,0
2023,Viseu,Tabuaço,9724730.0,4388,2216.2101185050137,0.21831711363050355,483.8365962707308,tabuaco,15550.822926447205,3.111324709690266,0
2023,Viseu,Tarouca,14612424.0,6576,2222.0839416058393,0.21831711363050355,485.1189523760792,tarouca,16020.538532760684,3.0281063984462873,0
2023,Viseu,Tondela,49590358.0,19235,2578.131427086041,0.21831711363050355,562.8502117215155,tondela,18835.98376213888,2.9881646683772796,0
2023,Viseu,Vila Nova de Paiva,10595162.742,4683,2262.4733593850096,0.21831711363050355,493.93665348684425,vila nova de paiva,17098.394054235385,2.8887897420079223,0
2023,Viseu,Viseu,222245681.53,66225,3355.918180898452,0.21831711363050355,732.6543708338802,viseu,22844.15482034189,3.207185280417895,0
2023,Viseu,Vouzela,19524518.0,7283,2680.8345462034877,0.21831711363050355,585.2720602480862,vouzela,18006.930266355383,3.2502600476085797,0
2023,Évora,Alandroal,15104322.0,4103,3681.287350718986,0.21831711363050355,803.6880288534522,alandroal,16277.854562854036,4.937309310328054,0
2023,Évora,Arraiolos,18777969.0,4821,3895.036092097075,0.21831711363050355,850.3530371132697,arraiolos,19007.56155573919,4.473761847986819,0
2023,Évora,Borba,15252244.0,4253,3586.231836350811,0.21831711363050355,782.9357833219294,borba,17999.311589939047,4.349809599160235,0
2023,Évora,Estremoz,34183117.5,9379,3644.6441518285537,0.21831711363050355,795.6881914375045,estremoz,19509.536556482533,4.078457677012922,0
2023,Évora,Montemor-o-Novo,45813176.0,10779,4250.225067260414,0.21831711363050355,927.8968689643063,montemor o novo,19438.20686856758,4.773572352832378,0
2023,Évora,Mora,11760154.0,3610,3257.6603878116343,0.21831711363050355,711.2030130554629,mora,18092.05047215086,3.931024922521743,0
2023,Évora,Mourão,6813180.856,1959,3477.8871138335885,0.21831711363050355,759.2822762248716,mourao,17558.612264731917,4.324272697506737,0
2023,Évora,Portel,14323369.0,4160,3443.117548076923,0.21831711363050355,751.6914849866904,portel,16429.55845600775,4.575238506862133,0
2023,Évora,Redondo,15511236.0,4476,3465.4235924932977,0.21831711363050355,756.5612762201871,redondo,17047.437395036755,4.437976563213277,0
2023,Évora,Reguengos de Monsaraz,26458803.0,7220,3664.6541551246537,0.21831711363050355,800.056717600846,reguengos de monsaraz,18921.539704573526,4.228285488878393,0
2023,Évora,Vendas Novas,25239827.0,7034,3588.260875746375,0.21831711363050355,783.3787573462115,vendas novas,19994.294046427745,3.918011586341418,0
2023,Évora,Viana do Alentejo,13715697.0,3748,3659.470917822839,0.21831711363050355,798.9251281938518,viana do alentejo,18086.1995157311,4.417319003359213,0
2023,Évora,Vila Viçosa,16631698.0,4928,3374.9387175324673,0.21831711363050355,736.8068794915216,vila vicosa,18976.310258849964,3.882772095528411,0
2023,Évora,Évora,141961209.142,32997,4302.245935751735,0.21831711363050355,939.2539148218835,evora,23766.483230056783,3.9520105087909525,0
2024,Aveiro,Albergaria-a-Velha,50980258.0,14299,3565.302328834184,0.2525796472363745,900.5228045079627,albergaria a velha,20574.62432138673,4.376861469941374,0
2024,Aveiro,Anadia,58699090.0,17290,3394.9733950260265,0.2525796472363745,857.5011824925505,anadia,20604.396864446775,4.161738817854857,0
2024,Aveiro,Arouca,43223019.0,12726,3396.43399339934,0.2525796472363745,857.870099914436,arouca,18006.73134673947,4.76416337532449,0
2024,Aveiro,Aveiro,194014013.0,52109,3723.234239766643,0.2525796472363745,940.4131908586496,aveiro,25726.663839928595,3.655402801971932,0
2024,Aveiro,Castelo de Paiva,27423055.0,8108,3382.221879625062,0.2525796472363745,854.2804092308456,castelo de paiva,16425.661384114912,5.200888958157943,1
2024,Aveiro,Espinho,63301798.0,18913,3346.999312642098,0.2525796472363745,845.383905687529,espinho,22444.14227627264,3.7666126657076435,0
2024,Aveiro,Estarreja,50097254.0,14547,3443.8203065924245,0.2525796472363745,869.8389181845777,estarreja,20503.135643080368,4.242467753843988,0
2024,Aveiro,Mealhada,36961478.0,11631,3177.841802080646,0.2525796472363745,802.6581613425342,mealhada,21483.951590880068,3.736082526285631,0
2024,Aveiro,Murtosa,22993535.0,8636,2662.5214219546087,0.2525796472363745,672.4987215165853,murtosa,19861.252132502254,3.3859835071327873,0
2024,Aveiro,Oliveira de Azeméis,121049617.0,33441,3619.796567088305,0.2525796472363745,914.2869399826035,oliveira de azemeis,20226.650742103197,4.520209260742565,0
2024,Aveiro,Oliveira do Bairro,48908782.0,13765,3553.1261896113333,0.2525796472363745,897.447359558354,oliveira do bairro,20264.566645867624,4.428653102934045,0
2024,Aveiro,Ovar,112375337.0,32542,3453.240028271158,0.2525796472363745,872.218148163257,ovar,21635.66117360962,4.031391234889352,0
2024,Aveiro,Santa Maria da Feira,261996495.0,72793,3599.199030126523,0.2525796472363745,909.0844213628584,santa maria da feira,20214.613456670348,4.49716450582379,0
2024,Aveiro,Sever do Vouga,24381312.0,7753,3144.7584160969946,0.2525796472363745,794.3019713813986,sever do vouga,19366.699685963253,4.101380122897754,0
2024,Aveiro,São João da Madeira,55492624.0,13631,4071.060377081652,0.2525796472363745,1028.2669939212653,sao joao da madeira,20691.735130437115,4.969457551236029,0
2024,Aveiro,Vagos,48279955.0,15821,3051.6373806965426,0.2525796472363745,770.7814931096666,vagos,19484.661733950816,3.955837179182986,0
2024,Aveiro,Vale de Cambra,43902367.0,13538,3242.8990249667604,0.2525796472363745,819.0902917492872,vale de cambra,20765.89586485389,3.9444014218312193,0
2024,Aveiro,Águeda,88082513.0,24767,3556.4466023337504,0.2525796472363745,898.2860282324614,agueda,20689.797467963126,4.341685942665229,0
2024,Aveiro,Ílhavo,73240636.0,25717,2847.9463389975504,0.2525796472363745,719.3332816521255,ilhavo,22894.00314123561,3.142016174342598,0
2024,Beja,Aljustrel,22197482.0,6046,3671.432682765465,0.2525796472363745,927.3291718649972,aljustrel,22084.155606276443,4.19907008625426,0
2024,Beja,Almodôvar,16205591.0,5722,2832.155015728766,0.2525796472363745,715.3447147915005,almodovar,21575.70905423523,3.315509645561711,0
2024,Beja,Alvito,5922537.0,1708,3467.527517564403,0.2525796472363745,875.8268771688382,alvito,19820.06053519242,4.418891030195006,0
2024,Beja,Barrancos,3069059.0,1249,2457.212970376301,0.2525796472363745,620.64198524229,barrancos,16167.737874990115,3.83876823115967,0
2024,Beja,Beja,82885412.0,23201,3572.493082194733,0.2525796472363745,902.3390424551338,beja,23186.934286385134,3.8915840762311036,0
2024,Beja,Castro Verde,16114977.0,5027,3205.684702605928,0.2525796472363745,809.6907113352474,castro verde,25787.617669364914,3.1398430119318124,0
2024,Beja,Cuba,10914533.0,3125,3492.65056,0.2525796472363745,882.1724463647258,cuba,19190.122244328646,4.597013167153944,0
2024,Beja,Ferreira do Alentejo,19643920.0,5247,3743.838383838384,0.2525796472363745,945.6173782998974,ferreira do alentejo,17508.073485760975,5.401036150944604,1
2024,Beja,Moura,33382197.0,10395,3211.370562770562,0.2525796472363745,811.126843889866,moura,18069.900063143912,4.488828610315741,0
2024,Beja,Mértola,15907786.0,8034,1980.058003485188,0.2525796472363745,500.12235202784876,mertola,17627.667934391277,2.837144163875011,0
2024,Beja,Odemira,69118071.0,20343,3397.63412476036,0.2525796472363745,858.1732286702397,odemira,14699.063315168576,5.838285136064793,1
2024,Beja,Ourique,12935844.0,4167,3104.354211663067,0.2525796472363745,784.0966916786109,ourique,18654.095057624436,4.203348858556016,0
2024,Beja,Serpa,34760299.0,10757,3231.4120107836757,0.2525796472363745,816.1889057591244,serpa,17828.919428400834,4.577893287570555,0
2024,Beja,Vidigueira,13668545.0,4034,3388.3353991075855,0.2525796472363745,855.8245598251142,vidigueira,19015.520457370076,4.5006633488877865,0
2024,Braga,Amares,36252099.0,11523,3146.064306170268,0.2525796472363745,794.6318126354356,amares,18830.439445854685,4.219932386178938,0
2024,Braga,Barcelos,248454152.0,57519,4319.514456092769,0.2525796472363745,1091.0214375523317,barcelos,18690.77441399364,5.8372190118323415,1
2024,Braga,Braga,414400435.0,107648,3849.587869723543,0.2525796472363745,972.3275461401988,braga,24271.140425433776,4.006105725140525,0
2024,Braga,Cabeceiras de Basto,31185843.0,10838,2877.45368149105,0.2525796472363745,726.7862358100165,cabeceiras de basto,16529.557885596656,4.396888536524715,0
2024,Braga,Celorico de Basto,31887746.0,11246,2835.4744798150455,0.2525796472363745,716.1831438594267,celorico de basto,15812.118931052872,4.529330616486443,0
2024,Braga,Esposende,87880201.0,26471,3319.8670620679236,0.2525796472363745,838.5308514087751,esposende,21076.957058278735,3.9784246325985277,0
2024,Braga,Fafe,97695895.866,29369,3326.497186352957,0.2525796472363745,840.2054858618222,fafe,17555.37955116286,4.786028598317417,0
2024,Braga,Guimarães,315332200.806,79938,3944.709660061548,0.2525796472363745,996.3533743882646,guimaraes,20143.972829617876,4.946161230535997,0
2024,Braga,Póvoa de Lanhoso,43319660.0,14011,3091.832131896367,0.2525796472363745,780.9338691884722,povoa de lanhoso,17261.29930899309,4.524189374212448,0
2024,Braga,Terras de Bouro,15793386.0,5363,2944.878985642365,0.2525796472363745,743.816495347361,terras de bouro,16474.59696230142,4.514929846535399,0
2024,Braga,Vieira do Minho,24364769.0,8695,2802.158596894767,0.2525796472363745,707.7682299040544,vieira do minho,16325.828641143673,4.33526680612319,0
2024,Braga,Vila Nova de Famalicão,229408238.0,56929,4029.725412355742,0.2525796472363745,1017.826623112267,vila nova de famalicao,20557.58659795107,4.9510997716712115,0
2024,Braga,Vila Verde,96057338.0,27905,3442.2984411395805,0.2525796472363745,869.4545259453571,vila verde,17716.79694414286,4.907515329585561,0
2024,Braga,Vizela,43772652.0,11411,3836.0049075453503,0.2525796472363745,968.8967663448059,vizela,18178.42974518936,5.3299255212140055,1
2024,Bragança,Alfândega da Fé,9993200.0,4160,2402.2115384615386,0.2525796472363745,606.7497429717639,alfandega da fe,17228.154543288634,3.5218498966166294,0
2024,Bragança,Bragança,90755644.0,30293,2995.9279041362693,0.2525796472363745,756.7104131723497,braganca,22740.453318628464,3.3275959919078204,0
2024,Bragança,Carrazeda de Ansiães,13857609.0,5623,2464.4511826427174,0.2525796472363745,622.4702103431634,carrazeda de ansiaes,16569.062025011597,3.7568222594828975,0
2024,Bragança,Freixo de Espada À Cinta,8439817.0,3460,2439.2534682080923,0.2525796472363745,616.1057805201029,freixo de espada a cinta,16730.14695361303,3.6826083012202657,0
2024,Bragança,Macedo de Cavaleiros,33577921.0,12620,2660.6910459587957,0.2525796472363745,672.0364057932529,macedo de cavaleiros,17859.3715728783,3.762934227841615,0
2024,Bragança,Miranda do douro,19391979.0,6549,2961.0595510765,0.2525796472363745,747.9033768567998,miranda do douro,19043.70444463621,3.927299854033662,0
2024,Bragança,Mirandela,53701473.0,17402,3085.9368463395012,0.2525796472363745,779.4448400421612,mirandela,19746.44811057883,3.947266038313932,0
2024,Bragança,Mogadouro,22104251.0,8297,2664.1257080872606,0.2525796472363745,672.9039315420367,mogadouro,18082.62084990525,3.7212743502585943,0
2024,Bragança,Torre de Moncorvo,16555763.0,7193,2301.649242318921,0.2525796472363745,581.3497536867817,torre de moncorvo,17241.8968808458,3.371727355199584,0
2024,Bragança,Vila Flor,14706294.0,5694,2582.7702845100107,0.2525796472363745,652.3552073541291,vila flor,17097.42813050078,3.8155165933428714,0
2024,Bragança,Vimioso,10500363.0,4939,2126.009921036647,0.2525796472363745,536.9868358764687,vimioso,16734.80994346791,3.208801520247145,0
2024,Bragança,Vinhais,16982505.0,7934,2140.472019158054,0.2525796472363745,540.6396675182715,vinhais,16173.792983264018,3.3426894240435954,0
2024,Castelo Branco,Belmonte,14521873.0,5147,2821.4247134252964,0.2525796472363745,712.6344588209504,belmonte,18043.2070157299,3.9495997479809564,0
2024,Castelo Branco,Castelo Branco,130197797.0,44196,2945.918114761517,0.2525796472363745,744.0789582137093,castelo branco,22327.342425921775,3.3325907939219968,0
2024,Castelo Branco,Covilhã,125298491.0,36425,3439.9036650652024,0.2525796472363745,868.8496542492805,covilha,20355.92012012481,4.268289761022865,0
2024,Castelo Branco,Fundão,66024805.0,24444,2701.0638602520044,0.2525796472363745,682.2337569853712,fundao,18980.581928745974,3.5943774513685085,0
2024,Castelo Branco,Idanha-a-Nova,24617298.0,10676,2305.854065192956,0.2525796472363745,582.4118063649969,idanha a nova,17390.20293724105,3.3490799875472663,0
2024,Castelo Branco,Oleiros,10485116.0,5608,1869.6711840228245,0.2525796472363745,472.24088810849963,oleiros,17889.096642316323,2.639825238527823,0
2024,Castelo Branco,Penamacor,11812668.0,6421,1839.692882728547,0.2525796472363745,464.66897934284526,penamacor,16839.441672964578,2.7594084671397567,0
2024,Castelo Branco,Proença-a-Nova,17379809.0,7476,2324.7470572498664,0.2525796472363745,587.1837916339709,proenca a nova,18397.76883897154,3.191603268708073,0
2024,Castelo Branco,Sertã,34334231.0,13820,2484.3871924746745,0.2525796472363745,627.5056406738202,serta,17471.85460220725,3.5915227945781227,0
2024,Castelo Branco,Vila Velha de Ródão,8796649.0,3558,2472.3577852726253,0.2525796472363745,624.4672572462638,vila velha de rodao,19270.381849094374,3.240554661222819,0
2024,Castelo Branco,Vila de Rei,8150387.0,3386,2407.0841701122267,0.2525796472363745,607.9804705552075,vila de rei,17812.026910773555,3.4133143499096787,0
2024,Coimbra,Arganil,25855494.0,11203,2307.90806034098,0.2525796472363745,582.9306037349099,arganil,17719.281217104333,3.289809539069846,0
2024,Coimbra,Cantanhede,72743328.0,24390,2982.5062730627305,0.2525796472363745,753.3203823304585,cantanhede,19846.410921567473,3.795751208153263,0
2024,Coimbra,Coimbra,333896199.0,95175,3508.2342947202524,0.2525796472363745,886.1085805829924,coimbra,28700.01761568805,3.0874844484368063,0
2024,Coimbra,Condeixa-a-Nova,27687252.0,9502,2913.8341401810144,0.2525796472363745,735.9751992322252,condeixa a nova,24027.157962878257,3.06309718514899,0
2024,Coimbra,Figueira da Foz,126435879.0,50280,2514.6356205250595,0.2525796472363745,635.1457779602412,figueira da foz,23376.957847768397,2.7169736203330377,0
2024,Coimbra,Góis,10194236.0,4983,2045.8029299618704,0.2525796472363745,516.7281823649106,gois,17398.865966981255,2.969895758410536,0
2024,Coimbra,Lousã,33548686.0,11766,2851.3246642869285,0.2525796472363745,720.1865778619664,lousa,20771.28494761059,3.467222079319712,0
2024,Coimbra,Mira,29713997.0,10045,2958.0883026381284,0.2525796472363745,747.1528999743842,mira,19935.059236092555,3.747934185325414,0
2024,Coimbra,Miranda do Corvo,21803015.0,7832,2783.8374616956075,0.2525796472363745,703.1406840384808,miranda do corvo,19550.85216515363,3.5964707732367818,0
2024,Coimbra,Montemor-o-Velho,47703606.0,14355,3323.1352142110763,0.2525796472363745,839.3563201242074,montemor o velho,21508.657022795247,3.902411569604941,0
2024,Coimbra,Oliveira do Hospital,41462301.0,14859,2790.3830002018976,0.2525796472363745,704.7939538453716,oliveira do hospital,17947.058243132167,3.9270723050953285,0
2024,Coimbra,Pampilhosa da Serra,9235440.0,5341,1729.159333458154,0.2525796472363745,436.750454460345,pampilhosa da serra,17230.566967196417,2.534742213020798,0
2024,Coimbra,Penacova,23428209.0,8782,2667.753245274425,0.2525796472363745,673.8201736051075,penacova,17782.35822438756,3.7892621726684084,0
2024,Coimbra,Penela,11914108.0,4120,2891.773786407767,0.2525796472363745,730.4032028582687,penela,19251.631566738928,3.793980787167086,0
2024,Coimbra,Soure,33445935.0,11850,2822.441772151899,0.2525796472363745,712.8913471553343,soure,20565.96469327818,3.4663647331279197,0
2024,Coimbra,Tábua,24573148.0,9393,2616.1128499946767,0.2525796472363745,660.7768607822018,tabua,17201.17759827038,3.841462928960425,0
2024,Coimbra,Vila Nova de Poiares,14339729.0,5016,2858.7976475279106,0.2525796472363745,722.0741013327769,vila nova de poiares,17921.32340799134,4.029133813916862,0
2024,Faro,Albufeira,254671445.0,54333,4687.233265234756,0.2525796472363745,1183.8997246475944,albufeira,17361.75824640736,6.819008235485463,1
2024,Faro,Alcoutim,7062608.0,3712,1902.6422413793105,0.2525796472363745,480.5687061446111,alcoutim,18347.53389392421,2.6192550395219683,0
2024,Faro,Aljezur,23264724.0,6633,3507.421076436002,0.2525796472363745,885.9031781956303,aljezur,17836.125067324512,4.9669038249714355,0
2024,Faro,Castro Marim,27046727.0,9304,2906.9998925193463,0.2525796472363745,734.2490073687151,castro marim,18667.836752134193,3.9332302779258677,0
2024,Faro,Faro,190074933.676,46429,4093.883858708996,0.2525796472363745,1034.0317408594058,faro,22699.674638694825,4.555271198014228,0
2024,Faro,Lagoa,110528798.0,24407,4528.569590691195,0.2525796472363745,1143.824509702155,lagoa,19401.83218599514,5.895445846232007,1
2024,Faro,Lagoa,110528798.0,24407,4528.569590691195,0.2525796472363745,1143.824509702155,lagoa,20443.133889359015,5.595152464845589,1
2024,Faro,Lagos,136157736.0,34923,3898.798385018469,0.2525796472363745,984.7571207337115,lagos,19292.463435872527,5.1043617317560805,1
2024,Faro,Loulé,387224744.0,78124,4956.5401669141365,0.2525796472363745,1251.9211668720934,loule,20199.916475226048,6.197655165591885,1
2024,Faro,Monchique,14371846.0,4596,3127.033507397737,0.2525796472363745,789.8250201948433,monchique,16961.107343899646,4.656683105533893,0
2024,Faro,Olhão,99014839.0,30740,3221.0422576447627,0.2525796472363745,813.5697171693695,olhao,19229.191433423905,4.230909656217964,0
2024,Faro,Portimão,191029108.0,57980,3294.741428078648,0.2525796472363745,832.1846276391736,portimao,19476.758984179258,4.272705886616698,0
2024,Faro,Silves,134707390.0,37075,3633.375320296696,0.2525796472363745,917.7166566778886,silves,18218.38320615398,5.0373111943758735,1
2024,Faro,São Brás de Alportel,29701439.0,7892,3763.48694880892,0.2525796472363745,950.5802059088563,sao bras de alportel,21099.66491516452,4.50519100531149,0
2024,Faro,Tavira,96017279.0,30005,3200.042626228962,0.2525796472363745,808.2656376742726,tavira,19455.94057621378,4.1543385399852255,0
2024,Faro,Vila Real de Santo António,61980838.0,24161,2565.3258557178924,0.2525796472363745,647.9490996835758,vila real de santo antonio,18381.978713794742,3.5249148623881434,0
2024,Faro,Vila do Bispo,29281935.0,6856,4270.994019836639,0.2525796472363745,1078.7661628790033,vila do bispo,17787.91462787653,6.064601643569858,1
2024,Guarda,Aguiar da Beira,13388096.0,4984,2686.215088282504,0.2525796472363745,678.4832593994214,aguiar da beira,17957.85349603879,3.7781979875773217,0
2024,Guarda,Almeida,16050295.0,6965,2304.4213926776742,0.2525796472363745,582.0499424464817,almeida,18771.112180112403,3.1007749400333955,0
2024,Guarda,Celorico da Beira,14317380.0,6283,2278.749005252268,0.2525796472363745,575.5656198868571,celorico da beira,18414.20617883671,3.1256607767776043,0
2024,Guarda,Figueira de Castelo Rodrigo,13143750.0,5303,2478.549877427871,0.2525796472363745,626.0312536984909,figueira de castelo rodrigo,17337.133659484727,3.6109270770719606,0
2024,Guarda,Fornos de Algodres,9746030.0,4077,2390.4905567819474,0.2525796472363745,603.7892615538688,fornos de algodres,17159.36489250516,3.5187156712168925,0
2024,Guarda,Gouveia,25375717.0,10870,2334.472585096596,0.2525796472363745,589.6402620266855,gouveia,18116.532660091027,3.254708133668459,0
2024,Guarda,Guarda,87418609.0,30847,2833.942004084676,0.2525796472363745,715.7960716800516,guarda,23742.758258451464,3.0147974548208065,0
2024,Guarda,Manteigas,8999021.0,2753,3268.805303305485,0.2525796472363745,825.6336903932895,manteigas,17121.977278640086,4.822069770080114,0
2024,Guarda,Mêda,10883603.0,5081,2142.019877976776,0.2525796472363745,541.0306251526761,meda,17387.599545273035,3.111588944431147,0
2024,Guarda,Pinhel,18240687.0,8370,2179.293548387097,0.2525796472363745,550.4451956761197,pinhel,17438.66659527384,3.156463785053951,0
2024,Guarda,Sabugal,26859850.0,14863,1807.1620803337144,0.2525796472363745,456.45236074964225,sabugal,17517.198695639643,2.6057383299720276,0
2024,Guarda,Seia,44271917.0,18241,2427.055369771394,0.2525796472363745,613.0247891200072,seia,18591.932276382788,3.297262382451385,0
2024,Guarda,Trancoso,20274442.0,8126,2495.0088604479447,0.2525796472363745,630.1884578235706,trancoso,18281.839017159265,3.4470736627320595,0
2024,Guarda,Vila Nova de Foz Côa,15824179.0,6744,2346.4085112692765,0.2525796472363745,592.6550340488205,vila nova de foz coa,17224.7425097021,3.4407192659919215,0
2024,Leiria,Alcobaça,141848373.0,39536,3587.828131323351,0.2525796472363745,906.2123637543928,alcobaca,19624.153013576317,4.617841917189802,0
2024,Leiria,Alvaiázere,15094234.0,5915,2551.8569737954354,0.2525796472363745,644.5471342389333,alvaiazere,17295.158597441463,3.7267489084158125,0
2024,Leiria,Ansião,23458810.0,9060,2589.272626931567,0.2525796472363745,653.9975667091759,ansiao,18420.077562652215,3.5504604390765118,0
2024,Leiria,Batalha,36408206.0,9866,3690.270220960875,0.2525796472363745,932.0871506171956,batalha,21467.313493945818,4.341890059415499,0
2024,Leiria,Bombarral,30470743.0,9027,3375.511576381966,0.2525796472363745,852.5855232048553,bombarral,19258.536083543637,4.4270526041353016,0
2024,Leiria,Caldas da Rainha,125906027.0,37553,3352.7554922376376,0.2525796472363745,846.8377994991996,caldas da rainha,20699.508701919578,4.091100961351164,0
2024,Leiria,Castanheira de Pêra,6357958.0,2657,2392.908543470079,0.2525796472363745,604.3999957785793,castanheira de pera,16811.028720212475,3.595258837740777,0
2024,Leiria,Figueiró dos Vinhos,12254196.0,5238,2339.4799541809853,0.2525796472363745,590.9050215436029,figueiro dos vinhos,17477.513084258706,3.380944523942638,0
2024,Leiria,Leiria,312690662.0,83774,3732.550218444864,0.2525796472363745,942.7662174668563,leiria,23455.986403502437,4.01929895954443,0
2024,Leiria,Marinha Grande,83836051.0,25085,3342.0789714969105,0.2525796472363745,844.141127656795,marinha grande,21548.444486210537,3.917410967631491,0
2024,Leiria,Nazaré,42719214.0,15491,2757.679555871151,0.2525796472363745,696.5337294128972,nazare,18813.987127839893,3.7022122141361793,0
2024,Leiria,Pedrógão Grande,8492632.0,3830,2217.3973890339425,0.2525796472363745,560.0694503050511,pedrogao grande,16770.798932592614,3.3395513985717398,0
2024,Leiria,Peniche,67717276.0,23725,2854.258208640674,0.2525796472363745,720.9275314599877,peniche,19893.638161269973,3.6239099435493354,0
2024,Leiria,Pombal,115102875.0,37609,3060.514105666197,0.2525796472363745,773.0235731711161,pombal,19825.63177621426,3.899111926907413,0
2024,Leiria,Porto de Mós,50117929.0,14593,3434.381484273282,0.2525796472363745,867.4548637728817,porto de mos,20167.38534669023,4.30127579188268,0
2024,Leiria,Óbidos,43695889.0,10658,4099.820698067179,0.2525796472363745,1035.5312656501949,obidos,20644.758181976253,5.015952507277404,1
2024,Lisboa,Alenquer,82989856.0,25067,3310.7215063629474,0.2525796472363745,836.2208701750316,alenquer,21295.39270055497,3.9267689585890526,0
2024,Lisboa,Amadora,270161987.0,99350,2719.295289380977,0.2525796472363745,686.838644923382,amadora,21404.259187760304,3.2088877213565987,0
2024,Lisboa,Arruda dos Vinhos,30678367.0,7785,3940.7022479126526,0.2525796472363745,995.3411836413658,arruda dos vinhos,26147.582746413438,3.806627913924062,0
2024,Lisboa,Azambuja,43507109.0,12411,3505.5280799290954,0.2525796472363745,885.4250458056961,azambuja,20386.14386551145,4.343268896986578,0
2024,Lisboa,Cadaval,31697004.0,9818,3228.458341821145,0.2525796472363745,815.4428690945153,cadaval,19571.533096101335,4.166474159640321,0
2024,Lisboa,Cascais,525329526.0,128794,4078.8353960588224,0.2525796472363745,1030.2308054717753,cascais,29979.15767534426,3.4364901663633707,0
2024,Lisboa,Lisboa,1675499763.66,398216,4207.514925718706,0.2525796472363745,1062.7326356798112,lisboa,33349.00571202178,3.1866996121467968,0
2024,Lisboa,Loures,374006775.0,111777,3346.0083469765696,0.2525796472363745,845.1336079293064,loures,24008.372773769497,3.5201619697135937,0
2024,Lisboa,Lourinhã,66400547.0,19380,3426.240815273478,0.2525796472363745,865.3986964686432,lourinha,20091.70173644252,4.307244392837939,0
2024,Lisboa,Mafra,197506885.0,51029,3870.4831566364223,0.2525796472363745,977.6052703375567,mafra,26329.678675151215,3.712940375759987,0
2024,Lisboa,Odivelas,244825498.0,82674,2961.336066961802,0.2525796472363745,747.9732191415646,odivelas,22934.461894600245,3.2613506372158207,0
2024,Lisboa,Oeiras,370500142.0,103588,3576.6704830675367,0.2525796472363745,903.3941688939516,oeiras,33379.54214942792,2.70643067795774,0
2024,Lisboa,Sintra,684101652.8100001,217067,3151.5691137298627,0.2525796472363745,796.0222149869421,sintra,21931.981501304454,3.6295043151463395,0
2024,Lisboa,Sobral de Monte Agraço,22611380.0,6035,3746.70753935377,0.2525796472363745,946.3420685878399,sobral de monte agraco,21965.21732314949,4.308366517232111,0
2024,Lisboa,Torres Vedras,182257229.0,52423,3476.665375884631,0.2525796472363745,878.1349141998575,torres vedras,21526.141483957388,4.079388379261085,0
2024,Lisboa,Vila Franca de Xira,229282873.0,78850,2907.836055802156,0.2525796472363745,734.4602051957191,vila franca de xira,23359.889120489737,3.1441082678406196,0
2024,Portalegre,Alter do Chão,8093480.0,2894,2796.6413268832066,0.2525796472363745,706.3746797908266,alter do chao,18792.13854102187,3.758883951652772,0
2024,Portalegre,Arronches,9496607.0,2330,4075.7969957081546,0.2525796472363745,1029.4633673830406,arronches,18129.588524607243,5.678360355425346,1
2024,Portalegre,Avis,11954832.0,3128,3821.8772378516624,0.2525796472363745,965.3284045173023,avis,17824.00370766396,5.41588983232892,1
2024,Portalegre,Campo Maior,21316127.0,5313,4012.0698287220025,0.2525796472363745,1013.3671820263048,campo maior,22931.803058752823,4.419047117359197,0
2024,Portalegre,Castelo de Vide,8655761.0,2955,2929.1915397631133,0.2525796472363745,739.8541658011397,castelo de vide,20184.89386603498,3.6653854645532156,0
2024,Portalegre,Crato,9082229.0,3163,2871.3970913689536,0.2525796472363745,725.256464413522,crato,18324.351230401902,3.9578834486115406,0
2024,Portalegre,Elvas,52287584.0,13452,3886.9747249479633,0.2525796472363745,981.7707048440603,elvas,20067.918286854114,4.892239896587523,0
2024,Portalegre,Fronteira,8863590.0,2572,3446.1858475894246,0.2525796472363745,870.4364056951231,fronteira,19474.24182009726,4.469680584929574,0
2024,Portalegre,Gavião,8619564.0,3522,2447.349233390119,0.2525796472363745,618.1506060338878,gaviao,17988.928267142153,3.4362836787946764,0
2024,Portalegre,Marvão,9031712.0,2812,3211.846372688478,0.2525796472363745,811.2470237910848,marvao,16963.354980021963,4.782350099650125,0
2024,Portalegre,Monforte,8251663.0,2212,3730.4082278481014,0.2525796472363745,942.2251942375424,monforte,17473.102159103008,5.392432240468925,1
2024,Portalegre,Nisa,15188978.0,6871,2210.592053558434,0.2525796472363745,558.350561071322,nisa,18774.53785843019,2.9739776567688456,0
2024,Portalegre,Ponte de Sor,36837231.0,10925,3371.8289244851258,0.2525796472363745,851.6553602878571,ponte de sor,17743.6240738301,4.7997824838047345,0
2024,Portalegre,Portalegre,50410063.0,15734,3203.893669759756,0.2525796472363745,809.2383328907725,portalegre,22573.234610477644,3.5849462731192037,0
2024,Portalegre,Sousel,13780746.0,3566,3864.4828939988784,0.2525796472363745,976.0897261172403,sousel,17253.72293074006,5.657270202120796,1
2024,Porto,Amarante,100995520.0,32015,3154.631266593784,0.2525796472363745,796.7956524770952,amarante,17246.474042189453,4.620049585369865,0
2024,Porto,Baião,32145323.0,11972,2685.042014700969,0.2525796472363745,678.186964888015,baiao,16028.845683767408,4.231040576894583,0
2024,Porto,Felgueiras,110862340.0,28200,3931.2886524822698,0.2525796472363745,992.9635010283338,felgueiras,16913.372484814416,5.870878217338742,1
2024,Porto,Gondomar,291672503.73399997,83832,3479.2502115421316,0.2525796472363745,878.787791078393,gondomar,20580.53684262068,4.269994499164338,0
2024,Porto,Lousada,93060545.0,23107,4027.374605098022,0.2525796472363745,1017.2328570443915,lousada,16700.170670850384,6.091152462411292,1
2024,Porto,Maia,304444451.0,71600,4252.017472067039,0.2525796472363745,1073.9730731375937,maia,25667.792107888974,4.184127207448859,0
2024,Porto,Marco de Canaveses,107049411.0,27314,3919.2139928241927,0.2525796472363745,989.9136877513973,marco de canaveses,16251.15281585533,6.091344404721828,1
2024,Porto,Matosinhos,394882454.0,98563,4006.396457088359,0.2525796472363745,1011.9342038204383,matosinhos,25363.759857426863,3.989685320743682,0
2024,Porto,Paredes,138272861.0,33503,4127.178491478375,0.2525796472363745,1042.44128745916,paredes,17196.647591112236,6.06188666678223,1
2024,Porto,Paços de Ferreira,119850376.0,26478,4526.413475338017,0.2525796472363745,1143.2799188468482,pacos de ferreira,16898.093291059045,6.765733264425575,1
2024,Porto,Penafiel,143636670.0,35945,3996.0125191264433,0.2525796472363745,1009.3114324330933,penafiel,17923.959653039892,5.6310740035721665,1
2024,Porto,Porto,793389317.0,178429,4446.526724915793,0.2525796472363745,1123.1021516063427,porto,29371.209090386383,3.823819946091188,0
2024,Porto,Póvoa de Varzim,149277829.0,45405,3287.695826450831,0.2525796472363745,830.4050520654516,povoa de varzim,20571.012396772578,4.0367728921097505,0
2024,Porto,Santo Tirso,116837510.0,30612,3816.7225271135503,0.2525796472363745,964.0264294974643,santo tirso,19841.113936397618,4.858731382661947,0
2024,Porto,Trofa,81275962.0,19197,4233.784549669219,0.2525796472363745,1069.3678080302639,trofa,20162.5048046055,5.3037448392126345,1
2024,Porto,Valongo,174869557.0,48609,3597.4728342488015,0.2525796472363745,908.6484194170026,valongo,20976.66837351699,4.331709894237398,0
2024,Porto,Vila Nova de Gaia,628122147.0,165315,3799.5472098720625,0.2525796472363745,959.6882939274365,vila nova de gaia,22933.882717699318,4.184587083402119,0
2024,Porto,Vila do Conde,185462324.0,47644,3892.6690454202,0.2525796472363745,983.2089743001887,vila do conde,22072.13829363544,4.45452525360309,0
2024,Santarém,Abrantes,73040089.0,25165,2902.447407113054,0.2525796472363745,733.099142210745,abrantes,20427.911657641325,3.5887131024307113,0
2024,Santarém,Alcanena,28037028.0,8248,3399.2516973811835,0.2525796472363745,858.5817945921865,alcanena,18117.46343681033,4.738973519039949,0
2024,Santarém,Almeirim,52879085.0,14120,3744.9776912181305,0.2525796472363745,945.9051441559676,almeirim,18982.14481574426,4.983131007257992,0
2024,Santarém,Alpiarça,17743631.0,4562,3889.441253836037,0.2525796472363745,982.3936998405084,alpiarca,19333.518167532933,5.081298144122868,1
2024,Santarém,Benavente,69785252.0,17723,3937.553010212718,0.2525796472363745,994.5457502940528,benavente,21957.99870127702,4.529309632558693,0
2024,Santarém,Cartaxo,51281422.0,14826,3458.884527181978,0.2525796472363745,873.643833706978,cartaxo,20981.965491672425,4.163784532262815,0
2024,Santarém,Chamusca,23165402.0,6196,3738.767269205939,0.2525796472363745,944.3365179549393,chamusca,17534.027036193962,5.385736636573149,1
2024,Santarém,Constância,8834816.0,2434,3629.7518488085457,0.2525796472363745,916.8014415276406,constancia,21449.242328958564,4.274283573596768,0
2024,Santarém,Coruche,40411971.0,11590,3486.7964624676447,0.2525796472363745,880.6938204751162,coruche,19500.92538296489,4.516164249540946,0
2024,Santarém,Entroncamento,36655641.0,12677,2891.5075333280743,0.2525796472363745,730.3359527493244,entroncamento,24394.921938723677,2.9938031963529825,0
2024,Santarém,Ferreira do Zêzere,20658464.0,7954,2597.2421423183305,0.2525796472363745,656.0105040942095,ferreira do zezere,17562.86914338438,3.7352126166772526,0
2024,Santarém,Golegã,19069663.0,4233,4504.9995275218525,0.2525796472363745,1137.8711914615033,golega,20271.678513366933,5.613107916600014,1
2024,Santarém,Mação,16153664.0,6830,2365.1045387994145,0.2525796472363745,597.3772700871043,macao,18329.06519914351,3.259180234216302,0
2024,Santarém,Ourém,107974250.0,32489,3323.4094616639477,0.2525796472363745,839.4255894491092,ourem,19303.50288424754,4.348566135808,0
2024,Santarém,Rio Maior,47990572.0,13412,3578.1816283924845,0.2525796472363745,903.7758534470498,rio maior,19127.945533569382,4.724897673202441,0
2024,Santarém,Salvaterra de Magos,51330207.0,12970,3957.610408635312,0.2525796472363745,999.611840912111,salvaterra de magos,19974.500949701363,5.004439627449396,1
2024,Santarém,Santarém,142232661.0,38197,3723.6605230777286,0.2525796472363745,940.5208613469864,santarem,22464.870597575202,4.186629329832435,0
2024,Santarém,Sardoal,8253988.0,3032,2722.291556728232,0.2525796472363745,687.5954410729777,sardoal,18343.554964217303,3.7484306745026648,0
2024,Santarém,Tomar,80318320.0,27521,2918.4375567748266,0.2525796472363745,737.1379285715724,tomar,20543.005929127496,3.5882671266058495,0
2024,Santarém,Torres Novas,76249021.0,22263,3424.9212145712618,0.2525796472363745,865.0653921887846,torres novas,21671.52030355275,3.9917153022576315,0
2024,Santarém,Vila Nova da Barquinha,13766452.0,4387,3138.010485525416,0.2525796472363745,792.5975814580538,vila nova da barquinha,22851.895420528886,3.468410680481356,0
2024,Setúbal,Alcochete,48307495.0,11857,4074.1751707851904,0.2525796472363745,1029.0537274161193,alcochete,30098.222299383233,3.4189850722087543,0
2024,Setúbal,Alcácer do Sal,36028092.0,8484,4246.592644978784,0.2525796472363745,1072.6028722253238,alcacer do sal,19576.666786706934,5.478986202869066,1
2024,Setúbal,Almada,346686680.0,117150,2959.3399914639353,0.2525796472363745,747.4690510964563,almada,24576.091768809292,3.041447998029961,0
2024,Setúbal,Barreiro,128338695.0,49696,2582.475350128783,0.2525796472363745,652.2807129321607,barreiro,22120.958546464073,2.9487000373969985,0
2024,Setúbal,Grândola,57775195.0,12914,4473.841954468019,0.2525796472363745,1130.0014226508245,grandola,22406.192989994266,5.043254885626662,1
2024,Setúbal,Moita,102056976.0,39703,2570.510440017127,0.2525796472363745,649.2586201569437,moita,19582.054410405668,3.3155796963363326,0
2024,Setúbal,Montijo,125206331.0,33256,3764.9245549675247,0.2525796472363745,950.9433159652616,montijo,23435.11597630303,4.057770897856151,0
2024,Setúbal,Palmela,152044718.0,39816,3818.6838959212378,0.2525796472363745,964.5218313390104,palmela,24343.237914478166,3.9621755935982534,0
2024,Setúbal,Santiago do Cacém,67462360.0,20686,3261.256888717007,0.2525796472363745,823.7271144993379,santiago do cacem,24887.12120914171,3.3098529459355897,0
2024,Setúbal,Seixal,287266230.0,94359,3044.3967189139353,0.2525796472363745,768.9526493108577,seixal,23799.09930417295,3.2310157602310143,0
2024,Setúbal,Sesimbra,113520832.0,37086,3061.0158011109315,0.2525796472363745,773.1502912295673,sesimbra,23629.217321485037,3.2720097357036653,0
2024,Setúbal,Setúbal,240552450.0,76347,3150.7780266415184,0.2525796472363745,795.8224024892348,setubal,24375.017960501325,3.264910014748834,0
2024,Setúbal,Sines,33366209.0,10000,3336.6209,0.2525796472363745,842.7625298835144,sines,24765.773281887068,3.402932427310417,0
2024,Viana do Castelo,Arcos de Valdevez,47545513.0,19295,2464.1364602228555,0.2525796472363745,622.3907178653774,arcos de valdevez,16334.902160132186,3.8101894444425666,0
2024,Viana do Castelo,Caminha,45801971.0,16392,2794.16611761835,0.2525796472363745,705.749492307873,caminha,20153.09898012428,3.5019402872179057,0
2024,Viana do Castelo,Melgaço,19382417.0,8065,2403.275511469312,0.2525796472363745,607.0184808987362,melgaco,16620.428706397513,3.6522432220119776,0
2024,Viana do Castelo,Monção,44062009.0,15186,2901.4888054787302,0.2525796472363745,732.8570189481073,moncao,17763.216405698142,4.125699998301091,0
2024,Viana do Castelo,Paredes de Coura,17822287.0,6635,2686.102034664657,0.2525796472363745,678.4547043565068,paredes de coura,16899.774723373393,4.01457839209042,0
2024,Viana do Castelo,Ponte da Barca,23816686.0,9375,2540.4465066666667,0.2525796472363745,641.6650824767465,ponte da barca,15922.871797869648,4.029832624555805,0
2024,Viana do Castelo,Ponte de Lima,89556426.0,26447,3386.260294173252,0.2525796472363745,855.3004305528217,ponte de lima,18078.611452455956,4.731007316585867,0
2024,Viana do Castelo,Valença,34775378.0,10243,3395.038367665723,0.2525796472363745,857.517593258965,valenca,17088.738650177394,5.018027432060138,1
2024,Viana do Castelo,Viana do Castelo,192790642.0,57621,3345.839919473803,0.2525796472363745,845.0910665700728,viana do castelo,21638.477237444604,3.9055015623173026,0
2024,Viana do Castelo,Vila Nova de Cerveira,23970280.0,6862,3493.191489361702,0.2525796472363745,882.3090741120843,vila nova de cerveira,18736.926005873498,4.7089318377812095,0
2024,Vila Real,Alijó,22102840.0,9096,2429.9516270888303,0.2525796472363745,613.756324771551,alijo,15884.135817001577,3.863957925332125,0
2024,Vila Real,Boticas,11132972.0,4865,2288.380678314491,0.2525796472363745,577.9983844712095,boticas,15687.606929903463,3.684426739233492,0
2024,Vila Real,Chaves,83615591.0,30984,2698.669990963078,0.2525796472363745,681.6291143248442,chaves,19348.514740077517,3.5229014913116448,0
2024,Vila Real,Mesão Frio,7110217.0,2414,2945.4088649544324,0.2525796472363745,743.9503320770807,mesao frio,15855.883906202744,4.691951180255873,0
2024,Vila Real,Mondim de Basto,12301623.0,5291,2325.009072009072,0.2525796472363745,587.2499712294218,mondim de basto,15499.709146508734,3.788780587290557,0
2024,Vila Real,Montalegre,19864504.0,10495,1892.7588375416865,0.2525796472363745,478.07235948980946,montalegre,15435.576140823565,3.0972109827855245,0
2024,Vila Real,Murça,11318592.0,4460,2537.8008968609865,0.2525796472363745,640.9968552853028,murca,16368.771611356495,3.915974090814398,0
2024,Vila Real,Peso da Régua,29252666.0,10311,2837.03481718553,0.2525796472363745,716.5772533220334,peso da regua,18520.08712871642,3.869189428439247,0
2024,Vila Real,Ribeira de Pena,12933951.0,5071,2550.5720765135084,0.2525796472363745,644.2225953367291,ribeira de pena,16053.140505338453,4.013062709583172,0
2024,Vila Real,Sabrosa,12389006.0,4945,2505.3601617795753,0.2525796472363745,632.8029858623513,sabrosa,16818.298528253617,3.7625862378366315,0
2024,Vila Real,Santa Marta de Penaguião,10476784.0,4539,2308.1700815157524,0.2525796472363745,582.9967849508025,santa marta de penaguiao,15084.49692377136,3.8648739026362193,0
2024,Vila Real,Valpaços,32327982.0,13874,2330.1125846907885,0.2525796472363745,588.5390146622361,valpacos,14823.41171814311,3.9703343997515366,0
2024,Vila Real,Vila Pouca de Aguiar,27209289.0,10642,2556.7834053749293,0.2525796472363745,645.791450589416,vila pouca de aguiar,16771.493691307216,3.850530325299137,0
2024,Vila Real,Vila Real,116070961.0,35065,3310.1657208042207,0.2525796472363745,836.0804900546693,vila real,23352.43115252836,3.5802717267154742,0
2024,Viseu,Armamar,15926009.0,5145,3095.434207968902,0.2525796472363745,781.8436802921915,armamar,16539.27749959427,4.727193677664403,0
2024,Viseu,Carregal do Sal,18275428.0,7405,2467.9848750844026,0.2525796472363745,623.3627491335262,carregal do sal,18930.760198796004,3.29285640189543,0
2024,Viseu,Castro daire,29076849.0,12670,2294.9367797947907,0.2525796472363745,579.6543222703494,castro daire,16436.9601920098,3.526529939228826,0
2024,Viseu,Cinfães,31291737.0,12324,2539.0893378773126,0.2525796472363745,641.3222892626912,cinfaes,14814.751038475544,4.328944088207129,0
2024,Viseu,Lamego,48107632.0,18178,2646.4755198591706,0.2525796472363745,668.4458532257302,lamego,19894.377643183252,3.3599736830911677,0
2024,Viseu,Mangualde,38452719.0,13451,2858.7256709538324,0.2525796472363745,722.055921515087,mangualde,20512.951937280264,3.520000064948339,0
2024,Viseu,Moimenta da Beira,22982100.0,8561,2684.511155238874,0.2525796472363745,678.0528805923469,moimenta da beira,18022.34746246299,3.762289468697671,0
2024,Viseu,Mortágua,17859080.0,6716,2659.1840381179272,0.2525796472363745,671.6557662844239,mortagua,18765.170299445865,3.579268163125905,0
2024,Viseu,Nelas,25821667.0,9566,2699.317060422329,0.2525796472363745,681.7925509005993,nelas,20252.591403420596,3.3664459886622056,0
2024,Viseu,Oliveira de Frades,19918980.0,6795,2931.417218543046,0.2525796472363745,740.4163269622367,oliveira de frades,18498.89455784466,4.002489579293564,0
2024,Viseu,Penalva do Castelo,14065700.0,6004,2342.721518987342,0.2525796472363745,591.7237748388862,penalva do castelo,17856.36461157419,3.313797560200697,0
2024,Viseu,Penedono,6350047.0,2816,2254.98828125,0.2525796472363745,569.5641446002834,penedono,15843.510206972427,3.5949365838741283,0
2024,Viseu,Resende,17356447.0,7756,2237.809051057246,0.2525796472363745,565.2250206984052,resende,15413.123621173765,3.6671672439058867,0
2024,Viseu,Santa Comba Dão,20446811.0,7951,2571.602439944661,0.2525796472363745,649.5344371134224,santa comba dao,19086.993314534382,3.4030212428419215,0
2024,Viseu,Sernancelhe,12265167.0,4758,2577.798865069357,0.2525796472363745,651.0995279855447,sernancelhe,16414.043857801764,3.9667222387496572,0
2024,Viseu,Sátão,21863608.0,9520,2296.5974789915967,0.2525796472363745,580.0737810876445,satao,18445.604563632685,3.1447805307033243,0
2024,Viseu,São João da Pesqueira,15081504.0,5803,2598.915043942788,0.2525796472363745,656.4330449963761,sao joao da pesqueira,16380.61690323701,4.007376821483792,0
2024,Viseu,São Pedro do Sul,29968164.0,12354,2425.786304031083,0.2525796472363745,612.7042489429997,sao pedro do sul,18107.274979136822,3.383746309971858,0
2024,Viseu,Tabuaço,9743438.0,4389,2219.967646388699,0.2525796472363745,560.7186450010222,tabuaco,16467.177594505618,3.405068305014878,0
2024,Viseu,Tarouca,15353509.0,6657,2306.37058735166,0.2525796472363745,582.5422693496322,tarouca,16805.048984463698,3.466471712687025,0
2024,Viseu,Tondela,51315027.0,19402,2644.831821461705,0.2525796472363745,668.0306884643353,tondela,19926.55856263006,3.3524639308121627,0
2024,Viseu,Vila Nova de Paiva,11256473.0,4717,2386.3627305490777,0.2525796472363745,602.7466566601174,vila nova de paiva,18148.581417776782,3.3211777977848937,0
2024,Viseu,Viseu,229436533.0,67099,3419.373358768387,0.2525796472363745,863.6641167271762,viseu,24041.699641355073,3.5923588166019407,0
2024,Viseu,Vouzela,20312230.0,7353,2762.4411804705564,0.2525796472363745,697.7364188744871,vouzela,19030.635267814207,3.666385325846386,0
2024,Évora,Alandroal,14657739.0,4154,3528.5842561386617,0.2525796472363745,891.248566659328,alandroal,17251.60213230479,5.1661785370670295,1
2024,Évora,Arraiolos,18861774.0,4847,3891.432638745616,0.2525796472363745,982.8966831384815,arraiolos,20032.100707166646,4.906608136144415,0
2024,Évora,Borba,15279176.0,4268,3579.938144329897,0.2525796472363745,904.2195136228866,borba,19035.118246750542,4.750270010942772,0
2024,Évora,Estremoz,34222629.0,9411,3636.449792795665,0.2525796472363745,918.4932058571162,estremoz,20535.887546268412,4.472624831956757,0
2024,Évora,Montemor-o-Novo,45882953.0,10820,4240.5686691312385,0.2525796472363745,1071.0813385307904,montemor o novo,20524.059861110258,5.218662125227547,1
2024,Évora,Mora,11812054.0,3627,3256.7008547008545,0.2525796472363745,822.5763530347411,mora,19109.280771106485,4.304590857644882,0
2024,Évora,Mourão,6755017.0,1985,3403.031234256927,0.2525796472363745,859.5364286829787,mourao,18461.809488756,4.655753972580378,0
2024,Évora,Portel,14381272.0,4191,3431.465521355285,0.2525796472363745,866.7183508876998,portel,17442.52552773207,4.968995742673242,0
2024,Évora,Redondo,15680177.0,4499,3485.258279617693,0.2525796472363745,880.3053067934903,redondo,18037.502431716624,4.880416843329633,0
2024,Évora,Reguengos de Monsaraz,26494056.0,7271,3643.7981020492366,0.2525796472363745,920.3492392161671,reguengos de monsaraz,19886.18181526316,4.6280842032218334,0
2024,Évora,Vendas Novas,25119782.0,7071,3552.5077075378304,0.2525796472363745,897.2911435744066,vendas novas,20994.293996656925,4.273976270491824,0
2024,Évora,Viana do Alentejo,13803272.0,3803,3629.574546410729,0.2525796472363745,916.7566585505459,viana do alentejo,19024.4428704748,4.818835772443654,0
2024,Évora,Vila Viçosa,16886582.0,4962,3403.1805723498587,0.2525796472363745,859.5741484458104,vila vicosa,19959.32579568658,4.306629177983424,0
2024,Évora,Évora,142957457.0,33185,4307.893837577219,0.2525796472363745,1088.0863058270054,evora,24958.876098709436,4.359516436251982,0
2025,Aveiro,Albergaria-a-Velha,42174739.182,14400,2928.801332083333,0.2412390313725302,706.5411964343593,albergaria a velha,21404.41639645334,3.3009131543125445,0
2025,Aveiro,Anadia,49816125.524,17436,2857.0845104381738,0.2412390313725302,689.2402998475646,anadia,21478.036753260054,3.2090470268095985,0
2025,Aveiro,Arouca,36593859.186,12814,2855.771748556266,0.2412390313725302,688.9236104427505,arouca,18826.03545945282,3.659419488115497,0
2025,Aveiro,Aveiro,166399310.0,52899,3145.604075691412,0.2412390313725302,758.8424803012795,aveiro,26724.06458204755,2.839547397333592,0
2025,Aveiro,Castelo de Paiva,23472560.607,8161,2876.1868161989955,0.2412390313725302,693.8485215862872,castelo de paiva,17170.306780982683,4.0409791766491505,0
2025,Aveiro,Espinho,52989981.995,19165,2764.935141925385,0.2412390313725302,667.0102754459491,espinho,23392.86542838416,2.8513406255764635,0
2025,Aveiro,Estarreja,41656706.926,14635,2846.375601366587,0.2412390313725302,686.6568929960786,estarreja,21326.966645872788,3.2196650578480694,0
2025,Aveiro,Mealhada,31347419.81,11756,2666.5038967335827,0.2412390313725302,643.2648171990868,mealhada,22361.278294179123,2.876690718376934,0
2025,Aveiro,Murtosa,19604766.018,8702,2252.9034725350493,0.2412390313725302,543.488251490165,murtosa,20884.07651922118,2.6024049997611916,0
2025,Aveiro,Oliveira de Azeméis,102321639.903,33776,3029.4185191556135,0.2412390313725302,730.813989183105,oliveira de azemeis,21042.205751748137,3.4730864140627973,0
2025,Aveiro,Oliveira do Bairro,41584715.488,13907,2990.2002939526856,0.2412390313725302,721.353022523001,oliveira do bairro,21090.89222467039,3.420211031561868,0
2025,Aveiro,Ovar,94858810.314,32850,2887.6350171689496,0.2412390313725302,696.610274499237,ovar,22509.262243776164,3.0947716853396674,0
2025,Aveiro,Santa Maria da Feira,223055165.224,73411,3038.4433562272684,0.2412390313725302,732.991132136566,santa maria da feira,21068.85243887141,3.4790273189450938,0
2025,Aveiro,Sever do Vouga,20945588.348,7794,2687.3990695406724,0.2412390313725302,648.3055484474307,sever do vouga,20204.17923043114,3.2087695374972998,0
2025,Aveiro,São João da Madeira,47246145.625,13744,3437.583354554715,0.2412390313725302,829.2792787151125,sao joao da madeira,21461.93783639976,3.863953409224039,0
2025,Aveiro,Vagos,41435951.245,16013,2587.6444916630235,0.2412390313725302,624.2408507052511,vagos,20308.71582424271,3.073758361225818,0
2025,Aveiro,Vale de Cambra,37224859.737,13621,2732.902117098598,0.2412390313725302,659.2826595648029,vale de cambra,21608.928475926787,3.0509733987933285,0
2025,Aveiro,Águeda,74278385.547,24888,2984.5060087994216,0.2412390313725302,719.9793386882685,agueda,21513.587372234077,3.346626140173582,0
2025,Aveiro,Ílhavo,61907023.554,26006,2380.490023609936,0.2412390313725302,574.2671074876325,ilhavo,23779.536749815226,2.4149633928091334,0
2025,Beja,Aljustrel,19365626.624,6096,3176.776020997376,0.2412390313725302,766.3623701928876,aljustrel,23054.404631246336,3.324147304824404,0
2025,Beja,Almodôvar,13817280.778,5773,2393.431626190889,0.2412390313725302,577.3891271586698,almodovar,22732.08841373455,2.539973963895969,0
2025,Beja,Alvito,5192349.803,1719,3020.5641669575334,0.2412390313725302,728.6779738354089,alvito,20533.51267298582,3.548725371251593,0
2025,Beja,Barrancos,2607450.154,1253,2080.9658052673585,0.2412390313725302,502.01017518205487,barrancos,16550.255709551748,3.0332472439826215,0
2025,Beja,Beja,72464300.246,23311,3108.5882307065335,0.2412390313725302,749.9128137116916,beja,23945.691059258243,3.1317234146882096,0
2025,Beja,Castro Verde,14209205.545,5046,2815.934511494253,0.2412390313725302,679.3133139613526,castro verde,26920.622989758856,2.5233937350550057,0
2025,Beja,Cuba,9432086.264,3127,3016.337148704829,0.2412390313725302,727.6582520465325,cuba,19794.68760154965,3.6760279661577835,0
2025,Beja,Ferreira do Alentejo,17099561.749,5256,3253.3412764459667,0.2412390313725302,784.832898254096,ferreira do alentejo,18147.53263435406,4.324736117395781,0
2025,Beja,Moura,29500732.107,10439,2826.0113140147523,0.2412390313725302,681.7442320407301,moura,18810.152785431685,3.6243418106031315,0
2025,Beja,Mértola,13818240.65,8096,1706.7984992588931,0.2412390313725302,411.74641670930356,mertola,18383.887157638288,2.2397135773226706,0
2025,Beja,Odemira,60343414.39,20472,2947.607189820242,0.2412390313725302,711.0779033389409,odemira,15167.229277174703,4.688251824669443,0
2025,Beja,Ourique,11289176.006,4186,2696.8886779741997,0.2412390313725302,650.5948123940394,ourique,19546.72873919469,3.3284076383046153,0
2025,Beja,Serpa,30130959.621,10785,2793.783924061196,0.2412390313725302,673.9697277046694,serpa,18531.48703536611,3.636889616135192,0
2025,Beja,Vidigueira,12333805.109,4088,3017.0756137475537,0.2412390313725302,727.8363986381419,vidigueira,19899.632297347638,3.657536922102591,0
2025,Braga,Amares,31141361.359,11646,2673.9963385711835,0.2412390313725302,645.0722866106046,amares,19703.246247417606,3.2739391190177636,0
2025,Braga,Barcelos,211147210.993,58335,3619.563058078341,0.2412390313725302,873.1798861226122,barcelos,19510.863105611697,4.475352430059687,0
2025,Braga,Braga,357076128.661,108849,3280.472293369714,0.2412390313725302,791.3779584969325,braga,25287.57367671362,3.129513209192082,0
2025,Braga,Cabeceiras de Basto,26588498.823,10938,2430.8373398244653,0.2412390313725302,586.412845283432,cabeceiras de basto,17243.462735217025,3.400783556575196,0
2025,Braga,Celorico de Basto,27795073.239,11368,2445.027554451091,0.2412390313725302,589.8360789149275,celorico de basto,16562.219354263296,3.561334784296872,0
2025,Braga,Esposende,74901356.233,26814,2793.3675032818674,0.2412390313725302,673.8692707592207,esposende,21986.417309122735,3.064934415120079,0
2025,Braga,Fafe,83626571.766,29773,2808.805688576899,0.2412390313725302,677.5935636259437,fafe,18314.506946445817,3.6997641574917752,0
2025,Braga,Guimarães,269058818.771,81015,3321.098793692526,0.2412390313725302,801.1786560828635,guimaraes,21033.035267378105,3.8091442623380116,0
2025,Braga,Póvoa de Lanhoso,37941763.057,14158,2679.881555092527,0.2412390313725302,646.4920305436311,povoa de lanhoso,18022.147045034257,3.587208721181546,0
2025,Braga,Terras de Bouro,13586662.143,5399,2516.5145662159657,0.2412390313725302,607.0815363888025,terras de bouro,17201.84540591275,3.5291651684076393,0
2025,Braga,Vieira do Minho,20967742.45,8793,2384.5948424883427,0.2412390313725302,575.257350017819,vieira do minho,16986.113076577265,3.3866332304773192,0
2025,Braga,Vila Nova de Famalicão,197256430.621,57811,3412.0916542007576,0.2412390313725302,823.129685613685,vila nova de famalicao,21429.299717818572,3.841141317974327,0
2025,Braga,Vila Verde,83346545.19500001,28280,2947.190424151344,0.2412390313725302,710.9773631926666,vila verde,18555.85682086664,3.8315523236477578,0
2025,Braga,Vizela,37610522.023,11627,3234.757205039993,0.2412390313725302,780.349694869161,vizela,18936.30720450768,4.120918014487023,0
2025,Bragança,Alfândega da Fé,8565245.987,4180,2049.10191076555,0.2412390313725302,494.32336013668214,alfandega da fe,17960.358500531074,2.7523023002133584,0
2025,Bragança,Bragança,75921221.243,30616,2479.7890398157824,0.2412390313725302,598.221905973376,braganca,23549.76547069004,2.5402457052828025,0
2025,Bragança,Carrazeda de Ansiães,11652269.023,5620,2073.3574774021354,0.2412390313725302,500.1747495374838,carrazeda de ansiaes,17191.250875747082,2.9094726913858016,0
2025,Bragança,Freixo de Espada À Cinta,7172438.785999999,3457,2074.758109921898,0.2412390313725302,500.51263676986014,freixo de espada a cinta,17344.50619139168,2.885712808694845,0
2025,Bragança,Macedo de Cavaleiros,27879501.63,12689,2197.139382930097,0.2412390313725302,530.0357765284953,macedo de cavaleiros,18562.668022411235,2.8553857445953787,0
2025,Bragança,Miranda do douro,15834562.709,6540,2421.1869585626914,0.2412390313725302,584.0847966554661,miranda do douro,19753.375573023066,2.9568859990347334,0
2025,Bragança,Mirandela,45023669.288,17516,2570.430993834209,0.2412390313725302,620.0882831624947,mirandela,20519.84803006769,3.0218951049436655,0
2025,Bragança,Mogadouro,18287983.706,8339,2193.06675932366,0.2412390313725302,529.0533007545336,mogadouro,18843.767101278176,2.807577157534747,0
2025,Bragança,Torre de Moncorvo,13903102.579,7204,1929.9142946973905,0.2412390313725302,465.57065508479826,torre de moncorvo,17961.906143953398,2.5919891316296937,0
2025,Bragança,Vila Flor,12577570.22,5710,2202.726833625219,0.2412390313725302,531.3836877220283,vila flor,17773.56531265242,2.9897416662021863,0
2025,Bragança,Vimioso,8956804.09,4958,1806.5357180314645,0.2412390313725302,435.8069267577888,vimioso,17418.36702633918,2.5019964621183113,0
2025,Bragança,Vinhais,14208286.488,7932,1791.2615340393345,0.2412390313725302,432.1221974065216,vinhais,16909.451331797893,2.555506911060587,0
2025,Castelo Branco,Belmonte,12515471.424,5226,2394.8471917336396,0.2412390313725302,577.7306168190473,belmonte,18790.563446491833,3.07457846308972,0
2025,Castelo Branco,Castelo Branco,111543611.194,44597,2501.146067986636,0.2412390313725302,603.3740547623086,castelo branco,23158.00402454301,2.6054665770109056,0
2025,Castelo Branco,Covilhã,118751755.731,36757,3230.724915825557,0.2412390313725302,779.3769493248566,covilha,21208.698278187752,3.6747986090518943,0
2025,Castelo Branco,Fundão,56500857.935,24557,2300.804574459421,0.2412390313725302,555.0438669200772,fundao,19783.682892750177,2.805563908039972,0
2025,Castelo Branco,Idanha-a-Nova,20420735.364,10725,1904.0312693706296,0.2412390313725302,459.3266591259798,idanha a nova,18095.59402324174,2.5383342405672162,0
2025,Castelo Branco,Oleiros,8691290.15,5664,1534.4791931497175,0.2412390313725302,370.1762742167395,oleiros,18806.173028188325,1.9683764137546067,0
2025,Castelo Branco,Penamacor,10103566.859,6439,1569.1204937102034,0.2412390313725302,378.5331080094358,penamacor,17489.586662894944,2.1643342138697492,0
2025,Castelo Branco,Proença-a-Nova,14651009.4,7536,1944.136066878981,0.2412390313725302,469.00150163028593,proenca a nova,19159.144127292646,2.4479251187540387,0
2025,Castelo Branco,Sertã,29460860.535,13911,2117.810404356265,0.2412390313725302,510.8985305775718,serta,18238.319184615244,2.801236919948935,0
2025,Castelo Branco,Vila Velha de Ródão,7513209.915,3584,2096.319730747768,0.2412390313725302,505.7141412927149,vila velha de rodao,20008.044189716726,2.527554100228498,0
2025,Castelo Branco,Vila de Rei,6986586.829,3421,2042.264492546039,0.2412390313725302,492.6739079883184,vila de rei,18605.747360861682,2.6479662355551907,0
2025,Coimbra,Arganil,21893908.756,11199,1954.9878342709171,0.2412390313725302,471.6193714845966,arganil,18535.358326052352,2.544430828843015,0
2025,Coimbra,Cantanhede,61892656.021,24577,2518.316150099686,0.2412390313725302,607.5161487398476,cantanhede,20672.528298517074,2.938760755177814,0
2025,Coimbra,Coimbra,284200755.152,96032,2959.438053482173,0.2412390313725302,713.9319694290456,coimbra,29765.65643239382,2.3985090705141543,0
2025,Coimbra,Condeixa-a-Nova,23925741.557,9581,2497.2071346414778,0.2412390313725302,602.4238302974817,condeixa a nova,24955.582216548293,2.4139842744202076,0
2025,Coimbra,Figueira da Foz,108007468.513,50706,2130.072743127046,0.2412390313725302,513.856685304997,figueira da foz,24259.55727680114,2.1181618421222645,0
2025,Coimbra,Góis,8527794.868,4985,1710.6910467402208,0.2412390313725302,412.6854510932707,gois,18194.216634917004,2.2682232457388416,0
2025,Coimbra,Lousã,28309180.766,11872,2384.5334203167113,0.2412390313725302,575.2425325926298,lousa,21589.87773283458,2.66440847748657,0
2025,Coimbra,Mira,25428316.762,10145,2506.487605914243,0.2412390313725302,604.6626421980042,mira,20779.047671804597,2.9099632078831026,0
2025,Coimbra,Miranda do Corvo,18306147.595,7932,2307.8854759203227,0.2412390313725302,556.7520567297495,miranda do corvo,20464.63908805924,2.7205564404729943,0
2025,Coimbra,Montemor-o-Velho,40202395.972,14426,2786.801328989325,0.2412390313725302,672.2852532330646,montemor o velho,22425.521971840964,2.997857771503524,0
2025,Coimbra,Oliveira do Hospital,34999771.525,14910,2347.4025167672703,0.2412390313725302,566.2851093863759,oliveira do hospital,18759.35414091472,3.0186812676631063,0
2025,Coimbra,Pampilhosa da Serra,7821160.204,5308,1473.4665041446872,0.2412390313725302,355.4576322197326,pampilhosa da serra,17999.0405603997,1.974869888352755,0
2025,Coimbra,Penacova,19895382.799,8873,2242.2385663248056,0.2412390313725302,540.9154598463269,penacova,18584.94833016623,2.910502898565168,0
2025,Coimbra,Penela,10249056.793,4136,2478.0117971470017,0.2412390313725302,597.7931656734455,penela,20195.943328971618,2.959966543458732,0
2025,Coimbra,Soure,28015248.651,11937,2346.925412666499,0.2412390313725302,566.170013255242,soure,21408.665099411428,2.644583446124379,0
2025,Coimbra,Tábua,21297785.96,9471,2248.7367711962834,0.2412390313725302,542.4830804951824,tabua,17951.651142365787,3.0219118909620835,0
2025,Coimbra,Vila Nova de Poiares,12271914.063,5054,2428.1586986545312,0.2412390313725302,585.7666524822025,vila nova de poiares,18699.73110089628,3.1324870358917978,0
2025,Faro,Albufeira,229773792.144,54677,4202.384771366388,0.2412390313725302,1013.7792316990992,albufeira,18066.01256576313,5.611527325184698,1
2025,Faro,Alcoutim,6104543.797,3725,1638.8037038926177,0.2412390313725302,395.3434181367699,alcoutim,19241.674593629446,2.054620642361661,0
2025,Faro,Aljezur,20316663.427,6683,3040.051388149035,0.2412390313725302,733.379052199789,aljezur,18548.603995819612,3.9538234379529276,0
2025,Faro,Castro Marim,24102354.353,9253,2604.8151251486006,0.2412390313725302,628.3830776953645,castro marim,19550.04546830609,3.2142282160626126,0
2025,Faro,Faro,167768302.153,46877,3578.904412675726,0.2412390313725302,863.3714338887662,faro,23485.27120183547,3.676225096439552,0
2025,Faro,Lagoa,96501605.32,24618,3919.9612202453486,0.2412390313725302,945.6476477898694,lagoa,20351.308044622707,4.646618515706324,0
2025,Faro,Lagoa,96501605.32,24618,3919.9612202453486,0.2412390313725302,945.6476477898694,lagoa,21443.568380110275,4.409936028496981,0
2025,Faro,Lagos,120154018.693,35271,3406.595182813076,0.2412390313725302,821.8037221801538,lagos,20098.094109819664,4.08896344941798,0
2025,Faro,Loulé,341870454.36,78996,4327.69322953061,0.2412390313725302,1044.0085227694212,loule,21072.40746963156,4.954386556324859,0
2025,Faro,Monchique,12633043.22,4610,2740.356446854664,0.2412390313725302,661.0809348546876,monchique,17710.837663986644,3.7326350531625883,0
2025,Faro,Olhão,88054275.016,31138,2827.8718933778664,0.2412390313725302,682.1930764040794,olhao,20002.24127391212,3.4105831794651342,0
2025,Faro,Portimão,168871941.47100002,58355,2893.872701071031,0.2412390313725302,698.1150473217831,portimao,20258.746568015325,3.4459932897525496,0
2025,Faro,Silves,120082118.661,37371,3213.243388215461,0.2412390313725302,775.1597225372848,silves,18953.25703937977,4.089849680858078,0
2025,Faro,São Brás de Alportel,25756408.442,8008,3216.334720529471,0.2412390313725302,775.9054725503671,sao bras de alportel,22010.015368453784,3.5252382134291755,0
2025,Faro,Tavira,85965438.575,30289,2838.1735473274125,0.2412390313725302,684.6782374244029,tavira,20244.90846808081,3.3819774414090475,0
2025,Faro,Vila Real de Santo António,55071140.554,24470,2250.5574398855742,0.2412390313725302,542.9222968462373,vila real de santo antonio,19143.567851903295,2.8360559590894585,0
2025,Faro,Vila do Bispo,25594505.753,6865,3728.2601242534593,0.2412390313725302,899.4018610797335,vila do bispo,18559.287636483336,4.84610120116741,0
2025,Guarda,Aguiar da Beira,11513134.003,5004,2300.78617166267,0.2412390313725302,555.0394274472145,aguiar da beira,18883.628328941333,2.93926261298287,0
2025,Guarda,Almeida,13109501.444,6986,1876.5389985685656,0.2412390313725302,452.6944503474586,almeida,19517.300525181337,2.3194521689277137,0
2025,Guarda,Celorico da Beira,12215520.545,6361,1920.37738484515,0.2412390313725302,463.2699801897566,celorico da beira,19186.37880981466,2.4145774707250856,0
2025,Guarda,Figueira de Castelo Rodrigo,10888007.501,5289,2058.613632255625,0.2412390313725302,496.61795861563303,figueira de castelo rodrigo,18152.63932185274,2.7357892690446843,0
2025,Guarda,Fornos de Algodres,8271723.609,4127,2004.2945502786529,0.2412390313725302,483.51407589446325,fornos de algodres,17855.18024912898,2.7079764480005752,0
2025,Guarda,Gouveia,21301234.709,10916,1951.3773093624036,0.2412390313725302,470.7483719529204,gouveia,18904.972008622088,2.490077064056079,0
2025,Guarda,Guarda,73856823.795,30986,2383.55463096237,0.2412390313725302,575.0064103968708,guarda,24706.09194697496,2.3273871546781613,0
2025,Guarda,Manteigas,7581313.996,2742,2764.884754194019,0.2412390313725302,666.9981199584414,manteigas,17824.695028370388,3.741988959120056,0
2025,Guarda,Mêda,9132274.142,5084,1796.2773686073958,0.2412390313725302,433.3322124792455,meda,18208.109465035915,2.3798858047912708,0
2025,Guarda,Pinhel,15093408.622,8399,1797.048294082629,0.2412390313725302,433.51818979415117,pinhel,18200.122395222672,2.3819520571353126,0
2025,Guarda,Sabugal,22922809.571,14883,1540.2008715312772,0.2412390313725302,371.55656636733215,sabugal,18227.1160408709,2.038482475967048,0
2025,Guarda,Seia,37419998.182,18344,2039.9039567160924,0.2412390313725302,492.1044546111819,seia,19365.706108444425,2.541112892323609,0
2025,Guarda,Trancoso,16870128.37,8132,2074.536198967044,0.2412390313725302,500.4591031860603,trancoso,19142.45259056561,2.6143938495776267,0
2025,Guarda,Vila Nova de Foz Côa,13177418.563,6788,1941.2814618444315,0.2412390313725302,468.3128594768001,vila nova de foz coa,17936.069628494297,2.6110116049773286,0
2025,Leiria,Alcobaça,121566819.527,40021,3037.5757609005273,0.2412390313725302,732.7818342803196,alcobaca,20403.141933071936,3.591514663202613,0
2025,Leiria,Alvaiázere,12775163.493,6026,2120.007217557252,0.2412390313725302,511.4284876662843,alvaiazere,18063.700886730432,2.831249758137763,0
2025,Leiria,Ansião,20019227.736,9109,2197.741545284883,0.2412390313725302,530.1810415916929,ansiao,19245.092967175537,2.7548894801182335,0
2025,Leiria,Batalha,30994771.086,10019,3093.5992699870244,0.2412390313725302,746.2968913464363,batalha,22405.63870047693,3.3308440849336303,0
2025,Leiria,Bombarral,26241694.315,9143,2870.140469758285,0.2412390313725302,692.3899068275874,bombarral,20054.12039980485,3.452606711358555,0
2025,Leiria,Caldas da Rainha,107851706.811,37977,2839.9217107986415,0.2412390313725302,685.0999626868831,caldas da rainha,21529.837457449845,3.182095378290104,0
2025,Leiria,Castanheira de Pêra,5572899.245,2667,2089.576019872516,0.2412390313725302,504.0872950133127,castanheira de pera,17579.423412686614,2.86748480413485,0
2025,Leiria,Figueiró dos Vinhos,10338153.838,5234,1975.1917917462745,0.2412390313725302,476.49335461584366,figueiro dos vinhos,18189.067553150537,2.6196689479736963,0
2025,Leiria,Leiria,265175341.212,84841,3125.556525877819,0.2412390313725302,754.0062288028556,leiria,24397.136493311016,3.090552159715884,0
2025,Leiria,Marinha Grande,70371913.072,25223,2789.989813741426,0.2412390313725302,673.0544402062076,marinha grande,22270.762851482305,3.022143627026275,0
2025,Leiria,Nazaré,36629917.327,15658,2339.3739511431854,0.2412390313725302,564.3483059919108,nazare,19548.726274624518,2.8868801888359887,0
2025,Leiria,Pedrógão Grande,7259190.631,3862,1879.645424909373,0.2412390313725302,453.4438416289451,pedrogao grande,17445.331296132532,2.5992274605267562,0
2025,Leiria,Peniche,57904419.707,23890,2423.7932066555045,0.2412390313725302,584.7135254208928,peniche,20713.882048531872,2.82280995928687,0
2025,Leiria,Pombal,98498499.0,37967,2594.3187241551873,0.2412390313725302,625.8509360868158,pombal,20681.58539906595,3.0261264985762715,0
2025,Leiria,Porto de Mós,42472283.835,14738,2881.821402836206,0.2412390313725302,695.2078038088324,porto de mos,21021.531568661983,3.3071225164450864,0
2025,Leiria,Óbidos,37650548.494,10775,3494.2504402784225,0.2412390313725302,842.9495915858038,obidos,21510.617062210535,3.918760624801798,0
2025,Lisboa,Alenquer,72106757.696,25385,2840.5262042938743,0.2412390313725302,685.245790112144,alenquer,22107.200033160985,3.0996498384429945,0
2025,Lisboa,Amadora,230029492.102,100005,2300.1799120243986,0.2412390313725302,554.8931739593177,amadora,22134.078894450035,2.5069630256827775,0
2025,Lisboa,Arruda dos Vinhos,26762511.44,7948,3367.200734776045,0.2412390313725302,812.3002436942451,arruda dos vinhos,27287.882577990993,2.976780046500951,0
2025,Lisboa,Azambuja,37916681.879,12549,3021.490308311419,0.2412390313725302,728.9013952785343,azambuja,21141.55979393734,3.447718155060431,0
2025,Lisboa,Cadaval,27978466.45,9935,2816.151630598893,0.2412390313725302,679.3656915638484,cadaval,20445.343605738046,3.3228382201078897,0
2025,Lisboa,Cascais,448525133.17,129728,3457.4273338832018,0.2412390313725302,834.0664210668931,cascais,31006.386982124997,2.6899826205088893,0
2025,Lisboa,Lisboa,1452956332.929,401669,3617.2976578451407,0.2412390313725302,872.6333831646839,lisboa,34772.691571588126,2.5095364889086995,0
2025,Lisboa,Loures,321182319.589,111751,2874.0889977628835,0.2412390313725302,693.3424458987641,loures,25135.5481416257,2.7584138686458766,0
2025,Lisboa,Lourinhã,56895801.213,19690,2889.5785278313865,0.2412390313725302,697.0791251289055,lourinha,20962.63293262496,3.325341465308082,0
2025,Lisboa,Mafra,170303518.113,51889,3282.073620863767,0.2412390313725302,791.764261190508,mafra,27420.896456067625,2.887448491915765,0
2025,Lisboa,Odivelas,212130501.925,83421,2542.8909018712316,0.2412390313725302,613.4445380534356,odivelas,23786.086175154658,2.5790057831968944,0
2025,Lisboa,Oeiras,318944400.787,104591,3049.444032345039,0.2412390313725302,735.6449245876598,oeiras,34560.584107444774,2.1285662369033655,0
2025,Lisboa,Sintra,583007387.8,218309,2670.5604798702752,0.2412390313725302,644.2434233856646,sintra,22651.115538608316,2.844201744887868,0
2025,Lisboa,Sobral de Monte Agraço,19745322.228,6091,3241.7209371203417,0.2412390313725302,782.029618850962,sobral de monte agraco,22878.478026666446,3.418188998146872,0
2025,Lisboa,Torres Vedras,156707288.863,52956,2959.1979919744695,0.2412390313725302,713.8740572234574,torres vedras,22434.6596143396,3.182014211471117,0
2025,Lisboa,Vila Franca de Xira,198539821.481,79538,2496.163110475496,0.2412390313725302,602.1719709189507,vila franca de xira,24183.59126444398,2.490002267795091,0
2025,Portalegre,Alter do Chão,7168882.976,2930,2446.7177392491467,0.2412390313725302,590.2438174584511,alter do chao,19550.05039051704,3.019142179524791,0
2025,Portalegre,Arronches,8353976.313,2342,3567.026606746371,0.2412390313725302,860.5060434915376,arronches,18752.32689346701,4.588796091173748,0
2025,Portalegre,Avis,10413746.716,3152,3303.8536535532994,0.2412390313725302,797.0184551797929,avis,18540.096156038886,4.298890623176125,0
2025,Portalegre,Campo Maior,18283475.124,5352,3416.194903587444,0.2412390313725302,824.1195495212091,campo maior,23889.877248660374,3.44966004196368,0
2025,Portalegre,Castelo de Vide,7313319.391,2974,2459.085202084734,0.2412390313725302,593.2273322134439,castelo de vide,21044.69171959224,2.8188929546597237,0
2025,Portalegre,Crato,8067285.84,3158,2554.555364154528,0.2412390313725302,616.2584616361395,crato,19091.348642739216,3.2279461926358652,0
2025,Portalegre,Elvas,45715261.246,13559,3371.5805919315585,0.2412390313725302,813.3568361919912,elvas,20874.549359010005,3.8964042873621367,0
2025,Portalegre,Fronteira,7541159.041,2580,2922.9298608527133,0.2412390313725302,705.124768401953,fronteira,20393.37870769201,3.4576162121482734,0
2025,Portalegre,Gavião,7364021.708,3549,2074.9568069878837,0.2412390313725302,500.56057025759515,gaviao,18708.028050593766,2.6756458184897154,0
2025,Portalegre,Marvão,7571120.456,2832,2673.418240112994,0.2412390313725302,644.932826698513,marvao,17579.98245226279,3.668563540662131,0
2025,Portalegre,Monforte,6628744.16,2229,2973.8645850157022,0.2412390313725302,717.4122119222595,monforte,18101.119965423277,3.9633581418865735,0
2025,Portalegre,Nisa,13053008.082,6926,1884.6387643661565,0.2412390313725302,454.64843000281377,nisa,19504.280278586848,2.331018748238346,0
2025,Portalegre,Ponte de Sor,31830370.693,10961,2903.965942249795,0.2412390313725302,700.5499310471574,ponte de sor,18548.690799686312,3.776816049243782,0
2025,Portalegre,Portalegre,43643911.25,15874,2749.3959462013354,0.2412390313725302,663.2616149211713,portalegre,23416.899707331613,2.8324057548639123,0
2025,Portalegre,Sousel,12083271.203,3576,3378.990828579418,0.2412390313725302,815.1444745031621,sousel,17995.941184150997,4.529601792770132,0
2025,Porto,Amarante,87750932.532,32419,2706.7748089700485,0.2412390313725302,652.9797330595,amarante,17987.052565574842,3.6302764484561987,0
2025,Porto,Baião,27669758.332,12054,2295.483518500083,0.2412390313725302,553.7602205345675,baiao,16762.201884182392,3.303624573673235,0
2025,Porto,Felgueiras,95363793.748,28523,3343.3998439154366,0.2412390313725302,806.5585398372285,felgueiras,17600.864212943507,4.5824939621095035,0
2025,Porto,Gondomar,245690642.202,84406,2910.819636068526,0.2412390313725302,702.2033095053121,gondomar,21419.77000860836,3.2782952815231194,0
2025,Porto,Lousada,80817154.569,23470,3443.423714060503,0.2412390313725302,830.688201385156,lousada,17464.77634349854,4.756363236763631,0
2025,Porto,Maia,259446991.974,72406,3583.2250362400905,0.2412390313725302,864.4137369323588,maia,26679.120008073118,3.240038414575843,0
2025,Porto,Marco de Canaveses,91413227.272,27718,3297.9734205931163,0.2412390313725302,795.5999134762335,marco de canaveses,16974.96112455186,4.6869027129936205,0
2025,Porto,Matosinhos,333792138.673,99726,3347.092419960692,0.2412390313725302,807.4493333056554,matosinhos,26369.176869275456,3.062095329363391,0
2025,Porto,Paredes,118690301.226,33937,3497.3716364439993,0.2412390313725302,843.7025459255112,paredes,18011.65192961529,4.684204143087346,0
2025,Porto,Paços de Ferreira,102762876.522,26918,3817.626737573371,0.2412390313725302,920.9605763140726,pacos de ferreira,17682.329891953952,5.2083666685414585,1
2025,Porto,Penafiel,122704476.475,36449,3366.470314000384,0.2412390313725302,812.1240376938302,penafiel,18746.13311198635,4.332221652552733,0
2025,Porto,Porto,671452370.916,180437,3721.2565655381104,0.2412390313725302,897.7123293590822,porto,30568.146703998384,2.936757462112217,0
2025,Porto,Póvoa de Varzim,126750672.932,46074,2751.0238514563525,0.2412390313725302,663.6543292080579,povoa de varzim,21440.38529766265,3.095347028490234,0
2025,Porto,Santo Tirso,100313992.512,31074,3228.2291469395636,0.2412390313725302,778.7748724562698,santo tirso,20705.952172453108,3.7611159630337614,0
2025,Porto,Trofa,69350080.976,19390,3576.590045177926,0.2412390313725302,862.8131181153569,trofa,21027.53965717766,4.103252839762637,0
2025,Porto,Valongo,148233448.34,48949,3028.3243445218495,0.2412390313725302,730.5500315543034,valongo,21823.858651062143,3.3474833357150082,0
2025,Porto,Vila Nova de Gaia,530946537.652,167491,3170.0004039142405,0.2412390313725302,764.7278268908009,vila nova de gaia,23849.463909854832,3.206478056619159,0
2025,Porto,Vila do Conde,158092158.583,48140,3284.0082796634815,0.2412390313725302,792.2309764053875,vila do conde,23019.615481569384,3.441547392655998,0
2025,Santarém,Abrantes,63239831.525,25330,2496.6376440979075,0.2412390313725302,602.286446950375,abrantes,21224.180100719885,2.8377371662519324,0
2025,Santarém,Alcanena,24071776.323,8351,2882.502253981559,0.2412390313725302,695.3720516796463,alcanena,18803.43733861289,3.6981113567554944,0
2025,Santarém,Almeirim,46684010.237,14192,3289.4595713782414,0.2412390313725302,793.5460407383853,almeirim,19766.318077403877,4.014637615517974,0
2025,Santarém,Alpiarça,15877127.146,4582,3465.1084997817547,0.2412390313725302,835.9194180880718,alpiarca,20180.04164619918,4.142307695611289,0
2025,Santarém,Benavente,60770212.262,17914,3392.330705705035,0.2412390313725302,818.3625735395744,benavente,22831.926031343457,3.584290578097239,0
2025,Santarém,Cartaxo,44992006.112,14903,3018.989875327115,0.2412390313725302,728.2981932473889,cartaxo,21746.19129186912,3.349083908406981,0
2025,Santarém,Chamusca,20877551.254,6190,3372.7869554119548,0.2412390313725302,813.6478581494852,chamusca,18242.946951721788,4.46006810359492,0
2025,Santarém,Constância,7489986.996,2472,3029.930014563107,0.2412390313725302,730.9373818397602,constancia,22287.37023272192,3.2796035342321854,0
2025,Santarém,Coruche,34926105.203999996,11701,2984.882078796684,0.2412390313725302,720.0700614501363,coruche,20355.393677597043,3.537490224237907,0
2025,Santarém,Entroncamento,31802078.234,12847,2475.447827041333,0.2412390313725302,597.1746360086858,entroncamento,25207.896741697896,2.3689982632341686,0
2025,Santarém,Ferreira do Zêzere,17963127.426,8004,2244.2687938530735,0.2412390313725302,541.4052299687121,ferreira do zezere,18382.65986755239,2.9451952757084823,0
2025,Santarém,Golegã,18230272.036,4232,4307.720235349716,0.2412390313725302,1039.1902569996132,golega,21099.9767330819,4.925077738926147,0
2025,Santarém,Mação,13777119.994,6875,2003.9447264,0.2412390313725302,483.42968472082606,macao,19064.905595778702,2.535704581867249,0
2025,Santarém,Ourém,93226167.995,32841,2838.712828324351,0.2412390313725302,684.808333049742,ourem,20102.285663867642,3.4066192496738514,0
2025,Santarém,Rio Maior,41469944.881,13564,3057.3536479652016,0.2412390313725302,737.553032598397,rio maior,19839.43039662096,3.717611936701654,0
2025,Santarém,Salvaterra de Magos,44329144.895,13154,3370.0125357305765,0.2412390313725302,812.9785598329286,salvaterra de magos,20812.34619899726,3.9062321569112566,0
2025,Santarém,Santarém,123775110.568,38455,3218.7000537771423,0.2412390313725302,776.4760832519087,santarem,23300.585099115426,3.332431696238334,0
2025,Santarém,Sardoal,7106343.495,3051,2329.1850196656833,0.2412390313725302,561.8903380315571,sardoal,18992.714683603615,2.958451950613654,0
2025,Santarém,Tomar,69247830.971,27765,2494.0691867819196,0.2412390313725302,601.6668347953444,tomar,21386.307977431497,2.813327271964241,0
2025,Santarém,Torres Novas,65519066.833,22336,2933.3393102166906,0.2412390313725302,707.6359338836403,torres novas,22516.30604892756,3.142770987150197,0
2025,Santarém,Vila Nova da Barquinha,12136999.104,4459,2721.9105413769903,0.2412390313725302,656.6310624844645,vila nova da barquinha,23778.8415807183,2.7614089620619326,0
2025,Setúbal,Alcochete,41741158.412,11952,3492.399465528782,0.2412390313725302,842.5030642301056,alcochete,31381.19220096702,2.684738867901085,0
2025,Setúbal,Alcácer do Sal,30908957.687,8561,3610.4377627613594,0.2412390313725302,870.9785087193553,alcacer do sal,20469.46427153124,4.255013698285719,0
2025,Setúbal,Almada,295764201.886,117792,2510.9022844165984,0.2412390313725302,605.7276349637335,almada,25455.32781749484,2.379571142460131,0
2025,Setúbal,Barreiro,109883773.799,50060,2195.0414262684776,0.2412390313725302,529.5296674955847,barreiro,22869.66282667413,2.3154240248700364,0
2025,Setúbal,Grândola,51794735.719,13135,3943.261189113057,0.2412390313725302,951.2685097105254,grandola,23443.82551824362,4.057650527087668,0
2025,Setúbal,Moita,87571121.899,39845,2197.794501167022,0.2412390313725302,530.1938166174056,moita,20266.863112490282,2.6160625533146864,0
2025,Setúbal,Montijo,108673655.583,33545,3239.637966403339,0.2412390313725302,781.527125012815,montijo,24324.011518444957,3.2129861656256047,0
2025,Setúbal,Palmela,133034256.512,40634,3273.9640820987347,0.2412390313725302,789.8079239139537,palmela,25305.128481688884,3.12113777444548,0
2025,Setúbal,Santiago do Cacém,58772331.913,20816,2823.4210181110684,0.2412390313725302,681.1193515659571,santiago do cacem,25917.563262145093,2.6280223363466906,0
2025,Setúbal,Seixal,249436638.289,95614,2608.787816522685,0.2412390313725302,629.3414459143905,seixal,24673.495133518954,2.5506781366350886,0
2025,Setúbal,Sesimbra,97983183.289,37415,2618.820881705198,0.2412390313725302,631.7618128407175,sesimbra,24515.111509593866,2.5770301415658694,0
2025,Setúbal,Setúbal,206669728.049,76851,2689.2262696516636,0.2412390313725302,648.74634043233,setubal,25259.201250819744,2.568356512901516,0
2025,Setúbal,Sines,28237051.491,10073,2803.2414862503724,0.2412390313725302,676.2512608463318,sines,25836.249450456773,2.617451353158289,0
2025,Viana do Castelo,Arcos de Valdevez,40751169.527,19516,2088.090260657922,0.2412390313725302,503.7288718995312,arcos de valdevez,17028.988487277944,2.958066900308601,0
2025,Viana do Castelo,Caminha,38556290.92,16573,2326.4521160924396,0.2412390313725302,561.2310550207133,caminha,20965.062562380772,2.6769824957630863,0
2025,Viana do Castelo,Melgaço,16208621.86,8099,2001.3115026546488,0.2412390313725302,482.7944483751104,melgaco,17281.76038290886,2.7936647521891325,0
2025,Viana do Castelo,Monção,37423583.423,15292,2447.265460567617,0.2412390313725302,590.3759492187809,moncao,18474.333988369977,3.1956548452054414,0
2025,Viana do Castelo,Paredes de Coura,15157322.576,6676,2270.419798681846,0.2412390313725302,547.7138730430235,paredes de coura,17624.215514104897,3.1077347675684095,0
2025,Viana do Castelo,Ponte da Barca,20452777.155,9466,2160.656787978027,0.2412390313725302,521.2347506603015,ponte da barca,16611.65472923229,3.1377653771183964,0
2025,Viana do Castelo,Ponte de Lima,76862608.237,26795,2868.5429459600673,0.2412390313725302,692.0045217339109,ponte de lima,18904.495545415484,3.6605288941535834,0
2025,Viana do Castelo,Valença,29258782.802,10360,2824.206834169884,0.2412390313725302,681.3089210708229,valenca,17757.956931673456,3.836640237907247,0
2025,Viana do Castelo,Viana do Castelo,162363673.467,58192,2790.1373636754192,0.2412390313725302,673.0900350093632,viana do castelo,22513.569043611013,2.9897082675142315,0
2025,Viana do Castelo,Vila Nova de Cerveira,20175986.25,6916,2917.291244939271,0.2412390313725302,703.7645141607125,vila nova de cerveira,19545.037673856412,3.6007324513990224,0
2025,Vila Real,Alijó,18965891.945,9146,2073.681603433195,0.2412390313725302,500.2529413872593,alijo,16591.852449663776,3.0150517725788757,0
2025,Vila Real,Boticas,9632159.728,4891,1969.3640826006952,0.2412390313725302,475.08748370644327,boticas,16419.14386785878,2.89349729516926,0
2025,Vila Real,Chaves,70845805.319,31226,2268.8082149170564,0.2412390313725302,547.32509613663,chaves,20108.87686209555,2.721808382885454,0
2025,Vila Real,Mesão Frio,6004474.612,2422,2479.1389810074315,0.2412390313725302,598.0650864161144,mesao frio,16552.88125952042,3.6130573103225525,0
2025,Vila Real,Mondim de Basto,10863320.06,5319,2042.3613573980072,0.2412390313725302,492.6972755713812,mondim de basto,16171.221715441621,3.0467535739795903,0
2025,Vila Real,Montalegre,17146680.711,10542,1626.5111659077972,0.2412390313725302,392.37797818020175,montalegre,16003.778324995988,2.451783386472895,0
2025,Vila Real,Murça,9577802.765,4485,2135.519011148272,0.2412390313725302,515.1705377270326,murca,17061.32093585536,3.0195231639091418,0
2025,Vila Real,Peso da Régua,24831402.415,10331,2403.581687639144,0.2412390313725302,579.8377181508185,peso da regua,19326.52435862127,3.000217252680313,0
2025,Vila Real,Ribeira de Pena,11150323.624,5090,2190.633324950884,0.2412390313725302,528.4662614035365,ribeira de pena,16816.44639842686,3.1425560958763166,0
2025,Vila Real,Sabrosa,10502850.405,4994,2103.0937935522625,0.2412390313725302,507.3483096421278,sabrosa,17592.405379648786,2.8839052914790013,0
2025,Vila Real,Santa Marta de Penaguião,8987270.166,4551,1974.790192485168,0.2412390313725302,476.3964731990944,santa marta de penaguiao,15689.620462696977,3.036379843169284,0
2025,Vila Real,Valpaços,27554607.009,13962,1973.5429744305973,0.2412390313725302,476.0955955236994,valpacos,15411.582873942163,3.089206341865635,0
2025,Vila Real,Vila Pouca de Aguiar,22969844.73,10714,2143.9093457158856,0.2412390313725302,517.1946139110152,vila pouca de aguiar,17524.67353811078,2.9512367964303348,0
2025,Vila Real,Vila Real,97818641.126,35430,2760.898705221564,0.2412390313725302,666.0365293653228,vila real,24219.716243701707,2.7499766003184467,0
2025,Viseu,Armamar,13440616.922,5199,2585.231183304482,0.2412390313725302,623.6586665344332,armamar,17198.425023107455,3.626254530263661,0
2025,Viseu,Carregal do Sal,15770015.759,7459,2114.2265396165703,0.2412390313725302,510.03396251919776,carregal do sal,19786.992777219893,2.5776224222731963,0
2025,Viseu,Castro daire,25170518.033,12783,1969.0618816396775,0.2412390313725302,475.0145810393275,castro daire,17225.487787880495,2.7576262970825023,0
2025,Viseu,Cinfães,26894058.768,12401,2168.7008118700105,0.2412390313725302,523.1752831923411,cinfaes,15475.792036852237,3.380604249181643,0
2025,Viseu,Lamego,41253716.843,18286,2256.027389423603,0.2412390313725302,544.241862174448,lamego,20728.85372511168,2.625528017090177,0
2025,Viseu,Mangualde,32850213.522,13603,2414.9241727560097,0.2412390313725302,582.5739682737685,mangualde,21351.708632267124,2.7284653341202456,0
2025,Viseu,Moimenta da Beira,19618400.187,8602,2280.678933620088,0.2412390313725302,550.1887768182452,moimenta da beira,18788.286322412692,2.9283606145703707,0
2025,Viseu,Mortágua,15295115.73,6778,2256.5824328710537,0.2412390313725302,544.3757603180807,mortagua,19574.74037067164,2.781011395347576,0
2025,Viseu,Nelas,22047497.935,9677,2278.340181357859,0.2412390313725302,549.6245784878846,nelas,21142.15693207483,2.599661804865555,0
2025,Viseu,Oliveira de Frades,17042530.013,6858,2485.0583279381744,0.2412390313725302,599.4930639360447,oliveira de frades,19281.01056100863,3.1092408877591735,0
2025,Viseu,Penalva do Castelo,12106077.516,6053,2000.012806211796,0.2412390313725302,482.48115210318963,penalva do castelo,18653.051384863254,2.5866071033006306,0
2025,Viseu,Penedono,5433142.446,2844,1910.3876392405064,0.2412390313725302,460.8600636364344,penedono,16585.33630782015,2.778720039696357,0
2025,Viseu,Resende,14965469.98,7766,1927.0499587947463,0.2412390313725302,464.8796654661188,resende,16147.046544989867,2.8790383688487133,0
2025,Viseu,Santa Comba Dão,17467202.562,8030,2175.2431584059773,0.2412390313725302,524.7535525335812,santa comba dao,19871.43859053049,2.640742642476054,0
2025,Viseu,Sernancelhe,10456343.692,4770,2192.105595807128,0.2412390313725302,528.8214305988147,sernancelhe,17181.64403611191,3.0778278812397244,0
2025,Viseu,Sátão,18817712.564,9611,1957.9349249817917,0.2412390313725302,472.330324793055,satao,19241.66167367352,2.4547273141139274,0
2025,Viseu,São João da Pesqueira,12849718.647,5836,2201.802372686772,0.2412390313725302,531.1606716606956,sao joao da pesqueira,17162.199174232734,3.094945270523246,0
2025,Viseu,São Pedro do Sul,25676377.08,12452,2062.0283552842916,0.2412390313725302,497.44172309147405,sao pedro do sul,18877.26363720286,2.6351368114133225,0
2025,Viseu,Tabuaço,8244922.009,4390,1878.1143528473804,0.2412390313725302,453.0744872877484,tabuaco,17230.278475380514,2.6295250418333285,0
2025,Viseu,Tarouca,13042812.68,6690,1949.598307922272,0.2412390313725302,470.31920736869273,tarouca,17416.47250007563,2.7004274681147424,0
2025,Viseu,Tondela,44057905.059,19560,2252.4491338957055,0.2412390313725302,543.3786472768945,tondela,20829.48587250639,2.608699276606343,0
2025,Viseu,Vila Nova de Paiva,9826215.462,4766,2061.7321573646664,0.2412390313725302,497.3702685922491,vila nova de paiva,19034.85854747696,2.6129443901655613,0
2025,Viseu,Viseu,196179231.156,67895,2889.4503447381985,0.2412390313725302,697.0482023636664,viseu,24999.44047361122,2.7882552135494914,0
2025,Viseu,Vouzela,17447211.454,7415,2352.9617604855025,0.2412390313725302,567.626215956126,vouzela,19873.024253511536,2.856264898161271,0
2025,Évora,Alandroal,12727901.505,4172,3050.791348274209,0.2412390313725302,735.9699497773656,alandroal,18066.475802646197,4.073677444438655,0
2025,Évora,Arraiolos,16555697.321,4898,3380.0933689260924,0.2412390313725302,815.4104502684429,arraiolos,20859.74578501689,3.9090143219968425,0
2025,Évora,Borba,13101884.659,4263,3073.395416138869,0.2412390313725302,741.4229332141151,borba,19890.961792063496,3.7274363148691148,0
2025,Évora,Estremoz,29944910.582,9431,3175.157521153642,0.2412390313725302,765.9719248583086,estremoz,21357.77349897029,3.5863847179353128,0
2025,Évora,Montemor-o-Novo,39727411.641,10917,3639.041095630668,0.2412390313725302,877.8787490347735,montemor o novo,21412.260446355784,4.099888245027312,0
2025,Évora,Mora,10184245.344,3642,2796.3331532125208,0.2412390313725302,674.5847012758816,mora,19943.201029583248,3.3825297166448824,0
2025,Évora,Mourão,5896188.0030000005,1996,2954.002005511022,0.2412390313725302,712.6205824819906,mourao,19179.11107420377,3.7156079847750467,0
2025,Évora,Portel,12361069.468,4213,2934.030255874674,0.2412390313725302,707.8026169449032,portel,18298.420482556554,3.8681077288590813,0
2025,Évora,Redondo,13589422.402,4505,3016.519956048835,0.2412390313725302,727.7023523131282,redondo,18858.05255620851,3.8588414691502795,0
2025,Évora,Reguengos de Monsaraz,23035268.792,7335,3140.4592763462847,0.2412390313725302,757.6013538906549,reguengos de monsaraz,20649.72056144255,3.668821336523356,0
2025,Évora,Vendas Novas,21846462.783,7092,3080.4375046531304,0.2412390313725302,743.1217598261352,vendas novas,21780.079878052737,3.41193312415241,0
2025,Évora,Viana do Alentejo,12217769.876,3801,3214.3567156011577,0.2412390313725302,775.4283005574108,viana do alentejo,19771.92239224229,3.921865993473947,0
2025,Évora,Vila Viçosa,14760699.39,4994,2955.686702042451,0.2412390313725302,713.0269970413891,vila vicosa,20742.061236002613,3.4375898756087313,0
2025,Évora,Évora,124392589.474,33340,3731.031477924415,0.2412390313725302,900.0704197549056,evora,25896.967284539027,3.475582333118459,0
